sample_id,mine_location,moisture,ash,volatile_matter,fixed_carbon,sulphur,temperature,depth,gcv
USGS_15000,Illinois_Saline,10.34,16.09,18.93,54.64,0.76,1204.5,81.7,6737.3
USGS_15001,WestVirginia_Boone,3.45,7.39,22.66,66.5,0.78,1153.9,43.3,8112.3
USGS_15002,Pennsylvania_Greene,9.93,13.91,30.88,45.28,1.39,1101.4,182.9,6818.0
USGS_15003,WestVirginia_Boone,6.31,15.62,40.44,37.63,2.49,1302.2,23.9,6921.6
USGS_15004,WestVirginia_Boone,6.57,15.98,38.04,39.41,3.13,1140.7,139.5,6894.2
USGS_15005,Kentucky_Pike,2.9,8.41,38.22,50.47,3.46,1248.9,41.3,7894.9
USGS_15006,Pennsylvania_Greene,2.35,19.59,25.28,52.78,2.52,1323.9,137.5,7166.1
USGS_15007,Pennsylvania_Greene,9.14,4.53,28.31,58.02,0.42,1204.8,31.6,7715.8
USGS_15008,Pennsylvania_Greene,6.71,11.45,29.3,52.54,1.03,1166.6,262.2,7365.6
USGS_15009,WestVirginia_Boone,6.09,20.38,21.78,51.75,0.74,1394.4,80.8,6767.7
USGS_15010,Illinois_Saline,9.16,15.84,18.75,56.25,1.64,1459.8,115.2,6878.4
USGS_15011,Pennsylvania_Greene,9.54,9.48,40.73,40.25,2.1,1138.2,272.3,7110.9
USGS_15012,WestVirginia_Boone,3.17,18.59,23.78,54.46,0.55,1159.1,236.4,7186.1
USGS_15013,Kentucky_Pike,7.91,15.92,23.76,52.41,1.58,1464.8,83.5,6936.6
USGS_15014,Illinois_Saline,2.92,20.72,20.0,56.36,1.01,1114.4,40.9,7077.5
USGS_15015,Kentucky_Pike,9.39,19.44,40.28,30.89,2.6,1471.5,227.5,6294.7
USGS_15016,Illinois_Saline,8.4,16.81,31.91,42.88,1.98,1101.8,133.3,6715.0
USGS_15017,WestVirginia_Boone,11.54,14.25,34.01,40.2,2.08,1432.0,242.2,6590.9
USGS_15018,Wyoming_Campbell,2.22,6.8,39.88,51.1,1.85,1216.8,149.1,8078.2
USGS_15019,Illinois_Saline,2.1,9.49,26.29,62.12,3.65,1456.7,120.3,8027.4
USGS_15020,Kentucky_Pike,4.46,12.8,32.92,49.82,1.13,1220.4,150.8,7433.8
USGS_15021,WestVirginia_Boone,4.25,16.59,18.93,60.23,2.16,1348.6,237.1,7304.3
USGS_15022,Illinois_Saline,4.09,14.79,22.48,58.64,2.9,1130.4,281.6,7428.9
USGS_15023,Wyoming_Campbell,11.02,10.05,37.95,40.98,2.29,1192.1,34.4,6948.4
USGS_15024,Wyoming_Campbell,4.12,4.14,36.4,55.34,3.56,1394.0,172.0,8153.4
USGS_15025,Pennsylvania_Greene,4.36,14.42,26.42,54.8,1.69,1300.9,29.5,7385.7
USGS_15026,Pennsylvania_Greene,9.47,10.0,27.04,53.49,1.98,1452.6,155.8,7238.5
USGS_15027,Kentucky_Pike,6.22,19.43,30.81,43.54,0.7,1262.9,276.7,6726.2
USGS_15028,Illinois_Saline,9.66,4.5,18.01,67.83,2.47,1430.5,124.9,7789.9
USGS_15029,Illinois_Saline,2.19,16.28,23.79,57.74,1.38,1270.6,290.4,7478.0
USGS_15030,Pennsylvania_Greene,6.62,23.77,23.0,46.61,0.95,1472.1,202.9,6415.3
USGS_15031,Illinois_Saline,1.85,7.66,24.01,66.48,2.25,1464.7,290.9,8233.4
USGS_15032,Illinois_Saline,2.16,13.9,37.34,46.6,2.21,1225.1,239.6,7518.3
USGS_15033,Wyoming_Campbell,11.02,5.92,24.71,58.35,0.66,1436.7,50.0,7454.2
USGS_15034,Pennsylvania_Greene,2.96,17.14,22.6,57.3,2.77,1422.1,87.0,7343.0
USGS_15035,WestVirginia_Boone,7.09,15.56,30.1,47.25,2.52,1180.1,134.3,6972.8
USGS_15036,Pennsylvania_Greene,5.82,12.55,38.78,42.85,1.04,1337.2,69.3,7248.4
USGS_15037,WestVirginia_Boone,5.15,14.95,23.79,56.11,2.0,1127.6,163.5,7293.7
USGS_15038,Wyoming_Campbell,10.95,22.83,19.88,46.34,2.85,1418.0,156.7,6098.7
USGS_15039,Kentucky_Pike,1.73,8.12,26.55,63.6,2.2,1166.3,297.3,8176.3
USGS_15040,Illinois_Saline,8.47,4.47,35.94,51.12,1.74,1126.9,145.8,7696.2
USGS_15041,Wyoming_Campbell,11.62,22.09,31.22,35.07,1.5,1252.1,247.8,5957.8
USGS_15042,Illinois_Saline,7.38,16.12,37.6,38.9,2.48,1319.2,293.2,6806.7
USGS_15043,Kentucky_Pike,11.34,22.7,41.03,24.93,3.59,1424.9,274.3,5816.8
USGS_15044,Kentucky_Pike,2.05,16.54,37.02,44.39,2.68,1470.2,80.5,7311.4
USGS_15045,Wyoming_Campbell,5.9,21.01,32.49,40.6,0.65,1267.0,163.8,6605.3
USGS_15046,Kentucky_Pike,4.23,13.02,29.84,52.91,1.97,1123.0,120.8,7475.2
USGS_15047,WestVirginia_Boone,9.17,19.75,18.96,52.12,3.43,1384.7,136.0,6546.5
USGS_15048,Kentucky_Pike,11.8,23.17,41.62,23.41,0.72,1314.8,124.6,5724.3
USGS_15049,Illinois_Saline,4.19,16.01,27.2,52.6,3.76,1270.2,259.6,7259.8
USGS_15050,Illinois_Saline,8.37,7.8,21.65,62.18,3.63,1217.5,151.1,7598.0
USGS_15051,Illinois_Saline,3.58,9.64,34.0,52.78,0.67,1290.9,171.9,7774.2
USGS_15052,Illinois_Saline,7.44,8.17,24.82,59.57,3.57,1228.7,304.9,7621.9
USGS_15053,WestVirginia_Boone,6.37,9.18,32.06,52.39,1.63,1387.7,37.4,7557.2
USGS_15054,Pennsylvania_Greene,11.71,10.43,32.08,45.78,3.27,1306.7,161.5,6917.9
USGS_15055,Wyoming_Campbell,7.89,15.66,28.7,47.75,1.82,1433.2,244.5,6901.2
USGS_15056,Illinois_Saline,5.17,16.35,38.07,40.41,1.9,1306.5,63.8,7002.8
USGS_15057,Kentucky_Pike,2.7,12.96,24.36,59.98,2.56,1190.5,197.3,7699.0
USGS_15058,Illinois_Saline,3.09,16.92,28.77,51.22,3.03,1423.4,89.4,7274.5
USGS_15059,Kentucky_Pike,3.87,5.71,30.9,59.52,0.51,1311.7,271.5,8112.6
USGS_15060,Kentucky_Pike,4.14,5.84,33.93,56.09,2.42,1178.6,114.9,8038.3
USGS_15061,Illinois_Saline,10.43,7.61,36.82,45.14,1.03,1336.9,115.4,7225.9
USGS_15062,WestVirginia_Boone,7.39,14.88,27.48,50.25,1.58,1235.9,193.5,7031.3
USGS_15063,Kentucky_Pike,7.0,8.49,33.51,51.0,1.58,1420.9,73.2,7534.7
USGS_15064,Kentucky_Pike,2.71,9.95,21.61,65.73,1.99,1272.3,102.6,7983.9
USGS_15065,Illinois_Saline,10.53,12.41,40.38,36.68,1.54,1376.0,140.8,6770.0
USGS_15066,Kentucky_Pike,9.09,21.05,27.19,42.67,0.77,1136.3,122.6,6346.5
USGS_15067,Kentucky_Pike,2.21,4.29,35.51,57.99,0.9,1250.5,172.2,8342.5
USGS_15068,Illinois_Saline,8.93,17.64,18.49,54.94,0.51,1473.6,193.9,6753.4
USGS_15069,Illinois_Saline,7.21,18.05,22.92,51.82,2.0,1407.2,184.3,6837.8
USGS_15070,Wyoming_Campbell,2.36,20.77,29.69,47.18,3.65,1160.8,209.7,7013.0
USGS_15071,WestVirginia_Boone,6.31,23.59,39.08,31.02,0.79,1205.6,109.2,6268.5
USGS_15072,WestVirginia_Boone,6.59,4.42,30.65,58.34,3.62,1225.3,56.7,7951.9
USGS_15073,Kentucky_Pike,3.24,7.23,40.32,49.21,2.89,1347.1,240.6,7934.8
USGS_15074,WestVirginia_Boone,11.43,22.61,29.61,36.35,2.57,1387.7,266.7,5952.4
USGS_15075,Kentucky_Pike,10.42,13.63,29.77,46.18,2.59,1384.8,94.5,6805.8
USGS_15076,Wyoming_Campbell,8.52,15.86,20.87,54.75,3.21,1293.8,138.1,6915.3
USGS_15077,Illinois_Saline,6.35,17.92,37.26,38.47,0.76,1408.1,164.6,6762.6
USGS_15078,Illinois_Saline,5.82,18.26,23.93,51.99,2.12,1266.1,174.7,6947.0
USGS_15079,Illinois_Saline,8.34,23.57,39.59,28.5,2.77,1147.1,211.3,6061.0
USGS_15080,WestVirginia_Boone,7.23,24.94,39.86,27.97,2.4,1314.5,32.1,6053.7
USGS_15081,Wyoming_Campbell,2.15,19.12,40.64,38.09,3.23,1461.9,229.2,7041.2
USGS_15082,WestVirginia_Boone,6.88,10.03,30.49,52.6,0.65,1401.3,38.0,7453.6
USGS_15083,WestVirginia_Boone,9.97,22.47,34.25,33.31,2.75,1319.9,155.8,6054.5
USGS_15084,Wyoming_Campbell,6.32,5.03,36.68,51.97,2.22,1345.8,260.0,7855.3
USGS_15085,Wyoming_Campbell,2.05,8.85,21.14,67.96,1.69,1453.6,150.9,8147.9
USGS_15086,Wyoming_Campbell,9.76,22.85,32.42,34.97,1.56,1262.8,63.2,6065.6
USGS_15087,Wyoming_Campbell,3.61,9.38,18.82,68.19,2.51,1225.9,305.7,7975.2
USGS_15088,Illinois_Saline,4.22,8.63,29.94,57.21,3.43,1471.4,277.9,7843.8
USGS_15089,Pennsylvania_Greene,3.23,6.9,21.72,68.15,2.09,1428.1,243.7,8186.8
USGS_15090,Pennsylvania_Greene,4.97,22.04,22.39,50.6,3.2,1222.8,139.3,6733.0
USGS_15091,Wyoming_Campbell,9.45,14.5,26.76,49.29,1.77,1276.2,73.3,6865.9
USGS_15092,Pennsylvania_Greene,6.95,18.17,28.38,46.5,0.75,1257.7,293.0,6788.2
USGS_15093,Pennsylvania_Greene,3.65,9.02,32.96,54.37,0.61,1156.7,174.4,7831.8
USGS_15094,Wyoming_Campbell,10.72,19.92,19.79,49.57,0.57,1464.0,267.2,6367.2
USGS_15095,Pennsylvania_Greene,10.74,19.96,30.09,39.21,1.69,1253.6,119.2,6238.3
USGS_15096,WestVirginia_Boone,10.64,10.56,22.38,56.42,1.55,1432.6,117.2,7130.4
USGS_15097,Kentucky_Pike,4.01,12.62,31.78,51.59,2.84,1172.0,305.8,7507.6
USGS_15098,Kentucky_Pike,6.24,8.4,33.3,52.06,2.93,1308.2,171.3,7620.8
USGS_15099,Wyoming_Campbell,11.84,24.51,31.36,32.29,0.57,1109.1,60.8,5730.8
USGS_15100,Illinois_Saline,9.61,17.56,35.72,37.11,1.15,1390.4,83.7,6485.3
USGS_15101,Wyoming_Campbell,1.79,23.63,26.05,48.53,1.33,1320.7,159.8,6873.5
USGS_15102,Illinois_Saline,2.18,10.37,36.36,51.09,2.26,1337.7,32.3,7824.6
USGS_15103,Kentucky_Pike,6.37,20.42,28.39,44.82,0.89,1119.7,154.1,6657.0
USGS_15104,Wyoming_Campbell,11.05,20.08,29.62,39.25,0.86,1180.2,141.5,6202.8
USGS_15105,WestVirginia_Boone,7.16,18.52,33.55,40.77,3.61,1128.2,246.0,6675.7
USGS_15106,Pennsylvania_Greene,6.73,24.28,18.44,50.55,3.13,1209.8,122.9,6416.2
USGS_15107,Illinois_Saline,2.61,12.26,33.7,51.43,1.01,1338.4,304.9,7654.8
USGS_15108,Pennsylvania_Greene,8.4,6.75,32.85,52.0,1.78,1315.2,72.4,7548.8
USGS_15109,Pennsylvania_Greene,10.13,18.11,25.44,46.32,1.61,1332.6,191.4,6510.5
USGS_15110,Wyoming_Campbell,5.49,19.32,20.06,55.13,3.09,1308.7,46.0,6937.4
USGS_15111,Pennsylvania_Greene,9.64,16.08,20.18,54.1,2.13,1203.8,232.8,6793.1
USGS_15112,WestVirginia_Boone,11.63,8.34,40.16,39.87,0.83,1192.9,308.5,7004.5
USGS_15113,Pennsylvania_Greene,3.64,14.59,34.54,47.23,2.91,1152.1,257.6,7346.0
USGS_15114,Wyoming_Campbell,6.99,10.56,21.05,61.4,1.75,1422.6,181.2,7511.4
USGS_15115,WestVirginia_Boone,4.51,12.98,26.56,55.95,1.29,1334.3,160.6,7490.0
USGS_15116,Kentucky_Pike,9.82,17.55,32.22,40.41,1.68,1170.9,262.2,6507.2
USGS_15117,Pennsylvania_Greene,7.56,19.65,38.05,34.74,2.09,1167.3,291.4,6486.8
USGS_15118,Wyoming_Campbell,8.16,8.88,19.05,63.91,1.57,1431.8,306.9,7559.5
USGS_15119,Kentucky_Pike,9.88,12.51,23.68,53.93,1.22,1382.2,135.0,7027.0
USGS_15120,Kentucky_Pike,5.66,9.65,39.35,45.34,1.75,1350.6,307.4,7501.2
USGS_15121,Illinois_Saline,11.11,8.17,18.22,62.5,0.47,1254.6,65.2,7334.1
USGS_15122,WestVirginia_Boone,7.1,20.45,22.83,49.62,3.03,1199.6,93.5,6648.2
USGS_15123,Pennsylvania_Greene,3.16,23.09,41.02,32.73,0.98,1472.2,45.8,6602.2
USGS_15124,Wyoming_Campbell,8.81,11.77,32.72,46.7,0.55,1403.0,98.8,7087.7
USGS_15125,Illinois_Saline,9.83,19.78,24.28,46.11,2.62,1214.7,242.7,6414.1
USGS_15126,WestVirginia_Boone,4.83,22.84,19.61,52.72,3.03,1422.1,267.3,6713.1
USGS_15127,Illinois_Saline,10.5,21.77,18.68,49.05,3.17,1388.4,245.9,6247.2
USGS_15128,WestVirginia_Boone,11.01,7.84,23.87,57.28,2.08,1212.9,203.0,7304.0
USGS_15129,WestVirginia_Boone,4.41,24.08,39.16,32.35,1.1,1262.1,169.1,6416.4
USGS_15130,Pennsylvania_Greene,11.83,11.91,27.98,48.28,2.91,1170.7,225.5,6830.8
USGS_15131,WestVirginia_Boone,2.98,11.12,35.29,50.61,2.78,1142.2,133.3,7694.4
USGS_15132,Illinois_Saline,3.62,5.31,40.04,51.03,1.24,1374.6,264.0,8061.5
USGS_15133,WestVirginia_Boone,3.43,14.21,27.79,54.57,3.47,1201.7,216.4,7479.9
USGS_15134,Pennsylvania_Greene,10.89,6.29,22.59,60.23,0.75,1411.6,222.4,7461.6
USGS_15135,Pennsylvania_Greene,8.37,9.22,30.41,52.0,3.74,1478.3,175.4,7373.6
USGS_15136,Illinois_Saline,3.1,10.66,39.79,46.45,3.32,1129.1,276.7,7667.1
USGS_15137,Kentucky_Pike,6.12,20.99,37.3,35.59,2.74,1279.8,93.1,6527.2
USGS_15138,Kentucky_Pike,7.96,22.39,19.58,50.07,3.59,1404.8,130.5,6438.3
USGS_15139,WestVirginia_Boone,2.38,10.35,34.62,52.65,2.86,1399.8,245.5,7827.2
USGS_15140,Wyoming_Campbell,10.77,22.03,31.73,35.47,1.05,1388.8,162.9,6041.7
USGS_15141,WestVirginia_Boone,9.94,22.0,39.78,28.28,1.9,1232.6,277.9,6030.6
USGS_15142,Illinois_Saline,6.8,20.06,20.94,52.2,0.64,1272.5,120.5,6733.7
USGS_15143,Illinois_Saline,11.65,7.08,30.82,50.45,1.72,1326.1,127.1,7220.4
USGS_15144,Illinois_Saline,5.89,18.5,39.11,36.5,2.92,1470.1,277.7,6737.7
USGS_15145,Illinois_Saline,11.83,23.85,27.84,36.48,1.71,1224.5,154.7,5829.5
USGS_15146,Illinois_Saline,8.51,18.33,29.57,43.59,1.52,1450.8,169.7,6604.4
USGS_15147,Pennsylvania_Greene,8.16,10.96,19.69,61.19,2.42,1202.4,116.5,7377.1
USGS_15148,Kentucky_Pike,3.24,14.51,24.68,57.57,3.37,1475.8,100.2,7511.0
USGS_15149,Illinois_Saline,10.76,17.56,25.79,45.89,0.56,1354.7,210.2,6489.5
USGS_15150,Wyoming_Campbell,5.99,14.72,40.68,38.61,1.71,1276.1,54.8,7026.4
USGS_15151,Wyoming_Campbell,3.2,6.52,24.78,65.5,0.94,1333.1,275.0,8185.0
USGS_15152,Wyoming_Campbell,1.63,10.55,29.06,58.76,2.76,1203.6,246.0,7952.1
USGS_15153,Wyoming_Campbell,7.38,20.85,34.11,37.66,0.76,1204.2,75.3,6451.3
USGS_15154,Pennsylvania_Greene,7.04,22.09,21.89,48.98,2.66,1143.2,221.3,6527.8
USGS_15155,Wyoming_Campbell,9.05,6.88,29.67,54.4,1.37,1143.3,194.8,7511.0
USGS_15156,Illinois_Saline,10.85,24.0,35.72,29.43,1.08,1232.1,73.5,5820.4
USGS_15157,WestVirginia_Boone,2.33,10.91,38.8,47.96,3.58,1389.9,99.2,7735.0
USGS_15158,Wyoming_Campbell,9.18,17.91,33.03,39.88,0.46,1331.0,138.6,6531.2
USGS_15159,Pennsylvania_Greene,3.47,19.79,34.06,42.68,1.89,1139.0,222.8,6931.9
USGS_15160,Pennsylvania_Greene,10.51,21.05,21.03,47.41,0.47,1423.8,205.2,6278.4
USGS_15161,Wyoming_Campbell,10.1,23.86,40.7,25.34,2.04,1328.5,174.3,5847.4
USGS_15162,WestVirginia_Boone,7.18,10.57,21.18,61.07,2.1,1465.1,242.8,7490.0
USGS_15163,Wyoming_Campbell,8.96,22.03,36.59,32.42,1.49,1354.7,239.8,6164.4
USGS_15164,Pennsylvania_Greene,4.8,6.77,24.36,64.07,0.85,1166.6,199.2,8009.0
USGS_15165,Kentucky_Pike,6.45,18.81,40.41,34.33,1.68,1280.0,248.2,6640.0
USGS_15166,Illinois_Saline,10.13,19.58,35.28,35.01,2.69,1346.4,116.9,6268.9
USGS_15167,Pennsylvania_Greene,6.32,18.23,36.09,39.36,3.06,1110.7,275.6,6753.6
USGS_15168,Wyoming_Campbell,5.26,9.3,23.26,62.18,2.2,1105.7,198.3,7763.7
USGS_15169,Illinois_Saline,6.69,22.33,28.63,42.35,2.41,1149.2,258.5,6461.7
USGS_15170,Wyoming_Campbell,10.2,7.55,32.83,49.42,1.08,1195.6,178.4,7301.8
USGS_15171,Wyoming_Campbell,5.02,5.13,36.48,53.37,1.38,1263.2,83.3,7979.3
USGS_15172,Kentucky_Pike,3.32,19.07,20.5,57.11,0.95,1285.2,177.3,7170.1
USGS_15173,Illinois_Saline,8.98,13.98,41.1,35.94,1.25,1152.5,127.6,6784.5
USGS_15174,Illinois_Saline,10.17,21.83,39.37,28.63,1.16,1355.9,222.3,6026.8
USGS_15175,Kentucky_Pike,2.56,12.05,24.49,60.9,2.17,1326.5,158.0,7787.9
USGS_15176,Pennsylvania_Greene,4.02,7.53,37.75,50.7,2.31,1211.9,262.5,7862.5
USGS_15177,Wyoming_Campbell,2.99,21.57,30.44,45.0,3.61,1105.2,216.6,6873.8
USGS_15178,WestVirginia_Boone,5.15,15.53,29.08,50.24,1.06,1129.5,218.5,7181.5
USGS_15179,Wyoming_Campbell,6.23,7.97,25.55,60.25,2.58,1248.8,83.0,7750.9
USGS_15180,Wyoming_Campbell,9.36,19.13,31.94,39.57,3.18,1158.5,305.4,6423.8
USGS_15181,Pennsylvania_Greene,8.34,14.73,35.52,41.41,2.3,1243.2,264.1,6852.4
USGS_15182,Wyoming_Campbell,8.02,16.69,27.86,47.43,1.27,1338.7,248.8,6811.7
USGS_15183,Kentucky_Pike,5.2,13.68,33.1,48.02,1.29,1308.0,115.8,7283.7
USGS_15184,Kentucky_Pike,10.34,21.4,34.78,33.48,0.53,1187.8,175.3,6101.0
USGS_15185,Illinois_Saline,6.45,21.42,35.07,37.06,1.44,1230.7,59.8,6484.9
USGS_15186,WestVirginia_Boone,11.78,18.9,19.25,50.07,2.93,1333.3,176.2,6353.4
USGS_15187,Wyoming_Campbell,8.16,6.21,38.63,47.0,0.56,1427.1,62.3,7548.8
USGS_15188,Wyoming_Campbell,2.83,21.62,29.0,46.55,1.15,1386.2,180.4,6902.9
USGS_15189,Pennsylvania_Greene,8.6,18.09,24.3,49.01,2.8,1310.3,208.1,6678.8
USGS_15190,Kentucky_Pike,4.91,18.64,23.8,52.65,3.06,1237.7,133.2,7007.6
USGS_15191,WestVirginia_Boone,8.71,11.62,29.59,50.08,1.95,1238.7,164.6,7147.8
USGS_15192,Illinois_Saline,2.23,22.46,39.28,36.03,2.77,1434.2,273.9,6769.0
USGS_15193,Kentucky_Pike,3.34,19.23,27.08,50.35,1.72,1114.9,51.5,7075.7
USGS_15194,Illinois_Saline,10.49,6.36,35.99,47.16,0.94,1475.4,249.6,7334.9
USGS_15195,Pennsylvania_Greene,3.89,12.56,20.32,63.23,1.75,1352.5,69.5,7662.1
USGS_15196,Pennsylvania_Greene,10.29,22.61,29.43,37.67,2.37,1358.8,30.6,6068.6
USGS_15197,Wyoming_Campbell,4.43,4.99,41.8,48.78,3.62,1114.4,73.8,7986.2
USGS_15198,WestVirginia_Boone,8.25,24.19,36.49,31.07,0.63,1330.1,241.9,6055.2
USGS_15199,Illinois_Saline,8.79,18.26,23.05,49.9,2.13,1284.2,137.5,6660.6
USGS_15200,Kentucky_Pike,6.88,17.26,30.03,45.83,1.52,1140.2,273.0,6851.8
USGS_15201,Pennsylvania_Greene,4.71,9.68,23.61,62.0,2.13,1205.6,172.2,7782.6
USGS_15202,Wyoming_Campbell,3.73,9.22,27.83,59.22,0.48,1438.3,26.5,7868.6
USGS_15203,Wyoming_Campbell,1.85,23.78,36.72,37.65,1.46,1309.0,227.8,6726.8
USGS_15204,Illinois_Saline,4.69,10.26,36.51,48.54,3.19,1257.1,52.0,7581.0
USGS_15205,Pennsylvania_Greene,8.36,20.29,23.47,47.88,2.28,1127.6,248.9,6528.0
USGS_15206,WestVirginia_Boone,11.35,12.26,40.13,36.26,1.93,1371.4,68.7,6703.6
USGS_15207,Pennsylvania_Greene,10.65,6.92,32.22,50.21,1.37,1367.1,120.2,7317.1
USGS_15208,Illinois_Saline,9.54,4.23,27.12,59.11,1.41,1333.3,240.8,7715.2
USGS_15209,Illinois_Saline,9.78,15.43,30.05,44.74,1.7,1293.9,296.7,6715.3
USGS_15210,Pennsylvania_Greene,8.48,24.49,32.52,34.51,3.24,1264.8,127.7,6054.6
USGS_15211,Illinois_Saline,4.23,11.75,31.44,52.58,3.69,1325.4,260.5,7562.7
USGS_15212,Pennsylvania_Greene,11.03,11.5,29.67,47.8,1.89,1188.7,75.3,6925.0
USGS_15213,Kentucky_Pike,8.54,11.23,30.12,50.11,1.74,1457.7,254.1,7191.2
USGS_15214,Pennsylvania_Greene,7.38,14.93,22.23,55.46,3.28,1323.7,210.7,7091.1
USGS_15215,Pennsylvania_Greene,2.67,13.25,37.51,46.57,1.85,1218.3,75.9,7519.9
USGS_15216,Illinois_Saline,6.19,22.48,31.0,40.33,2.28,1270.9,107.7,6470.7
USGS_15217,Illinois_Saline,6.33,14.62,21.15,57.9,1.19,1406.2,58.2,7235.1
USGS_15218,Wyoming_Campbell,10.58,14.66,36.39,38.37,2.93,1161.4,131.1,6623.9
USGS_15219,Wyoming_Campbell,7.24,6.91,40.38,45.47,2.21,1211.3,79.1,7561.0
USGS_15220,Kentucky_Pike,5.49,24.64,40.74,29.13,3.15,1358.2,206.8,6242.4
USGS_15221,Wyoming_Campbell,11.76,9.25,26.86,52.13,3.05,1219.9,308.4,7074.7
USGS_15222,Pennsylvania_Greene,2.66,5.54,21.25,70.55,1.13,1401.2,23.5,8363.6
USGS_15223,Illinois_Saline,5.94,17.93,30.44,45.69,2.83,1149.6,176.9,6884.6
USGS_15224,Wyoming_Campbell,1.94,16.5,20.7,60.86,3.12,1389.8,186.4,7521.6
USGS_15225,Wyoming_Campbell,9.27,12.72,40.42,37.59,1.58,1126.0,285.1,6869.5
USGS_15226,Kentucky_Pike,11.14,12.87,22.41,53.58,0.99,1104.8,166.7,6886.0
USGS_15227,Kentucky_Pike,4.44,20.49,24.07,51.0,0.41,1441.3,177.7,6896.0
USGS_15228,Pennsylvania_Greene,10.51,8.11,27.76,53.62,1.93,1320.9,156.8,7284.6
USGS_15229,Illinois_Saline,4.57,21.23,27.2,47.0,1.6,1233.7,98.0,6783.3
USGS_15230,Kentucky_Pike,11.06,17.62,37.07,34.25,2.29,1188.4,36.2,6319.1
USGS_15231,Wyoming_Campbell,9.42,12.8,28.95,48.83,1.04,1334.4,138.5,6985.4
USGS_15232,Illinois_Saline,9.95,13.62,22.1,54.33,3.32,1293.4,35.3,6945.7
USGS_15233,Illinois_Saline,1.69,9.39,24.41,64.51,1.28,1476.8,179.6,8099.3
USGS_15234,Wyoming_Campbell,11.61,19.79,30.22,38.38,1.17,1473.6,109.1,6164.0
USGS_15235,Kentucky_Pike,9.13,14.77,21.54,54.56,2.03,1341.3,174.7,6937.8
USGS_15236,Wyoming_Campbell,4.7,10.74,32.68,51.88,2.1,1268.3,58.9,7585.7
USGS_15237,Illinois_Saline,10.21,16.52,31.58,41.69,1.13,1286.6,290.5,6562.4
USGS_15238,WestVirginia_Boone,4.46,24.91,35.15,35.48,1.32,1359.3,279.4,6389.8
USGS_15239,WestVirginia_Boone,10.66,13.14,40.5,35.7,0.98,1138.6,75.1,6694.2
USGS_15240,Pennsylvania_Greene,2.68,23.33,39.89,34.1,2.84,1224.8,119.6,6643.6
USGS_15241,Wyoming_Campbell,8.89,11.25,40.71,39.15,3.02,1128.6,197.9,7027.5
USGS_15242,Wyoming_Campbell,7.18,5.15,23.87,63.8,1.97,1127.9,47.7,7913.0
USGS_15243,Pennsylvania_Greene,2.51,8.29,21.16,68.04,2.83,1174.4,122.8,8148.7
USGS_15244,Pennsylvania_Greene,4.04,12.79,25.25,57.92,2.9,1284.4,92.8,7568.6
USGS_15245,Pennsylvania_Greene,1.63,8.61,39.48,50.28,0.87,1398.2,285.5,7990.0
USGS_15246,Illinois_Saline,6.42,4.0,41.33,48.25,3.69,1284.5,267.2,7876.0
USGS_15247,Wyoming_Campbell,4.66,23.22,38.62,33.5,3.19,1227.5,188.2,6470.1
USGS_15248,Illinois_Saline,7.78,21.72,20.64,49.86,1.1,1131.3,170.9,6499.8
USGS_15249,Pennsylvania_Greene,4.62,19.59,40.74,35.05,1.03,1309.1,289.9,6753.6
USGS_15250,Wyoming_Campbell,4.65,7.52,28.16,59.67,0.83,1203.1,290.4,7915.4
USGS_15251,Illinois_Saline,9.3,6.53,18.22,65.95,0.87,1333.7,301.1,7652.8
USGS_15252,Illinois_Saline,2.01,5.42,28.62,63.95,2.94,1471.3,56.4,8350.3
USGS_15253,Pennsylvania_Greene,10.98,19.2,19.11,50.71,2.0,1142.3,66.6,6409.9
USGS_15254,Wyoming_Campbell,10.45,23.5,31.05,35.0,3.06,1180.6,216.3,5958.4
USGS_15255,Pennsylvania_Greene,8.51,13.04,26.13,52.32,2.94,1279.8,177.0,7090.1
USGS_15256,Wyoming_Campbell,7.73,6.5,29.36,56.41,2.46,1468.1,25.4,7678.7
USGS_15257,WestVirginia_Boone,10.87,14.76,32.72,41.65,2.73,1393.3,38.0,6630.5
USGS_15258,Kentucky_Pike,3.45,11.33,38.85,46.37,0.46,1441.3,277.5,7587.1
USGS_15259,Kentucky_Pike,2.33,11.87,33.89,51.91,1.46,1226.8,272.0,7713.2
USGS_15260,Kentucky_Pike,4.01,17.05,28.42,50.52,2.57,1477.0,123.6,7175.8
USGS_15261,Pennsylvania_Greene,9.84,19.09,37.67,33.4,0.43,1139.1,278.4,6310.4
USGS_15262,WestVirginia_Boone,1.86,6.32,39.73,52.09,0.51,1120.1,192.2,8156.4
USGS_15263,Wyoming_Campbell,7.62,4.75,20.87,66.76,3.3,1425.1,253.7,7938.6
USGS_15264,Illinois_Saline,11.95,24.88,30.77,32.4,2.73,1452.4,144.0,5695.8
USGS_15265,Wyoming_Campbell,10.48,8.89,24.83,55.8,1.3,1134.4,52.9,7257.3
USGS_15266,Illinois_Saline,6.98,5.13,19.13,68.76,2.74,1143.1,145.8,7991.5
USGS_15267,Wyoming_Campbell,2.17,7.99,34.05,55.79,3.09,1112.6,152.6,8053.2
USGS_15268,WestVirginia_Boone,10.23,4.82,38.71,46.24,1.44,1139.7,179.8,7457.6
USGS_15269,Illinois_Saline,7.79,12.23,21.91,58.07,0.52,1179.6,50.6,7280.8
USGS_15270,Pennsylvania_Greene,2.71,20.85,37.5,38.94,3.57,1468.6,307.5,6877.6
USGS_15271,Wyoming_Campbell,2.49,11.17,38.48,47.86,1.57,1353.8,90.8,7701.0
USGS_15272,Wyoming_Campbell,11.05,13.33,39.94,35.68,0.76,1395.9,77.6,6646.0
USGS_15273,Illinois_Saline,8.53,18.19,24.37,48.91,2.07,1394.9,172.8,6676.6
USGS_15274,Pennsylvania_Greene,10.21,14.69,39.69,35.41,3.01,1303.3,175.8,6618.8
USGS_15275,Pennsylvania_Greene,10.73,22.09,25.7,41.48,1.15,1403.0,147.5,6113.0
USGS_15276,WestVirginia_Boone,7.5,22.19,31.26,39.05,1.32,1326.4,243.8,6360.9
USGS_15277,Pennsylvania_Greene,6.93,4.21,19.21,69.65,1.23,1219.5,169.8,8072.8
USGS_15278,Pennsylvania_Greene,6.02,20.34,19.05,54.59,3.77,1313.2,196.8,6810.8
USGS_15279,Pennsylvania_Greene,4.83,13.68,35.29,46.2,1.07,1302.7,229.9,7294.4
USGS_15280,Kentucky_Pike,6.06,24.77,28.67,40.5,2.36,1412.9,27.3,6319.3
USGS_15281,WestVirginia_Boone,9.63,14.15,24.15,52.07,3.55,1473.1,185.5,6908.6
USGS_15282,Wyoming_Campbell,7.82,24.72,22.57,44.89,0.9,1256.2,276.4,6220.7
USGS_15283,Illinois_Saline,10.87,19.85,34.08,35.2,3.7,1390.1,25.0,6186.6
USGS_15284,Wyoming_Campbell,6.16,9.22,18.01,66.61,3.62,1137.9,137.5,7743.4
USGS_15285,WestVirginia_Boone,7.87,15.31,37.34,39.48,3.41,1395.2,288.6,6828.9
USGS_15286,Illinois_Saline,8.13,24.83,19.9,47.14,1.13,1241.1,122.4,6212.5
USGS_15287,WestVirginia_Boone,7.71,22.01,22.6,47.68,2.56,1115.0,153.0,6459.0
USGS_15288,Pennsylvania_Greene,8.88,6.04,27.27,57.81,2.99,1238.0,304.6,7627.4
USGS_15289,Illinois_Saline,3.99,18.83,29.64,47.54,3.75,1332.0,77.8,7013.6
USGS_15290,Pennsylvania_Greene,6.88,11.26,26.52,55.34,1.01,1145.3,38.9,7397.9
USGS_15291,Wyoming_Campbell,2.59,4.15,25.7,67.56,3.0,1451.1,269.2,8434.0
USGS_15292,Wyoming_Campbell,5.54,12.47,41.13,40.86,1.55,1129.5,271.9,7255.0
USGS_15293,Illinois_Saline,6.62,8.93,33.4,51.05,1.0,1453.4,156.9,7537.1
USGS_15294,Illinois_Saline,8.35,21.2,18.56,51.89,1.83,1368.7,169.1,6511.5
USGS_15295,WestVirginia_Boone,11.48,11.08,28.32,49.12,3.1,1225.3,262.4,6931.4
USGS_15296,WestVirginia_Boone,7.81,21.38,39.0,31.81,1.98,1248.5,234.2,6305.1
USGS_15297,Pennsylvania_Greene,9.31,4.01,25.23,61.45,2.23,1381.5,96.9,7779.4
USGS_15298,Illinois_Saline,6.82,10.46,20.27,62.45,3.78,1328.6,24.9,7546.1
USGS_15299,Wyoming_Campbell,8.16,9.06,36.2,46.58,1.76,1355.2,159.1,7338.6
USGS_15300,WestVirginia_Boone,2.24,8.9,32.54,56.32,2.49,1247.9,269.1,7987.9
USGS_15301,WestVirginia_Boone,4.17,5.43,31.69,58.71,1.64,1285.4,279.8,8096.6
USGS_15302,Wyoming_Campbell,5.3,7.93,19.29,67.48,1.74,1476.1,297.3,7922.4
USGS_15303,WestVirginia_Boone,6.46,15.67,21.37,56.5,2.77,1181.3,275.1,7131.3
USGS_15304,Pennsylvania_Greene,1.98,10.12,32.94,54.96,3.59,1258.8,188.2,7906.6
USGS_15305,Illinois_Saline,2.97,12.77,22.99,61.27,2.24,1210.9,148.9,7704.4
USGS_15306,Wyoming_Campbell,4.41,11.91,30.1,53.58,3.01,1390.7,244.7,7547.4
USGS_15307,Illinois_Saline,11.7,22.39,31.08,34.83,0.7,1390.3,234.5,5926.3
USGS_15308,WestVirginia_Boone,4.98,23.01,24.8,47.21,1.12,1211.1,176.1,6621.6
USGS_15309,WestVirginia_Boone,6.56,14.35,40.76,38.33,2.11,1130.9,45.3,6999.5
USGS_15310,Wyoming_Campbell,3.56,10.93,38.22,47.29,0.47,1104.3,288.6,7617.2
USGS_15311,Pennsylvania_Greene,7.91,6.24,35.34,50.51,1.26,1262.4,152.1,7610.8
USGS_15312,Kentucky_Pike,4.45,24.02,19.87,51.66,2.16,1255.9,125.4,6648.9
USGS_15313,Wyoming_Campbell,3.67,5.26,20.55,70.52,0.45,1475.6,202.6,8294.6
USGS_15314,Kentucky_Pike,6.92,10.25,29.83,53.0,1.3,1278.5,215.4,7439.0
USGS_15315,Kentucky_Pike,1.56,10.26,21.86,66.32,2.15,1197.4,81.1,8069.8
USGS_15316,Pennsylvania_Greene,1.58,10.73,41.48,46.21,2.35,1438.7,262.7,7792.9
USGS_15317,Kentucky_Pike,3.8,7.45,21.8,66.95,3.55,1286.6,104.1,8082.6
USGS_15318,Kentucky_Pike,1.89,20.45,29.7,47.96,2.59,1327.7,74.1,7086.8
USGS_15319,Pennsylvania_Greene,2.63,6.57,26.74,64.06,1.81,1136.4,137.9,8214.2
USGS_15320,Kentucky_Pike,5.06,17.33,33.35,44.26,3.56,1245.5,231.9,6988.1
USGS_15321,Kentucky_Pike,9.93,6.6,21.1,62.37,3.07,1458.8,300.0,7549.4
USGS_15322,Kentucky_Pike,7.51,5.48,28.33,58.68,1.08,1324.0,254.7,7798.7
USGS_15323,Wyoming_Campbell,6.88,23.1,24.59,45.43,0.84,1230.9,292.7,6426.5
USGS_15324,Wyoming_Campbell,4.58,7.99,39.31,48.12,2.7,1337.8,60.8,7749.1
USGS_15325,Wyoming_Campbell,11.28,21.25,18.97,48.5,2.3,1446.0,40.6,6209.4
USGS_15326,Pennsylvania_Greene,5.67,15.44,39.93,38.96,3.08,1204.1,181.7,7006.9
USGS_15327,WestVirginia_Boone,2.41,5.63,37.99,53.97,2.91,1291.9,104.2,8180.2
USGS_15328,Kentucky_Pike,7.98,24.06,25.14,42.82,2.53,1464.3,260.1,6229.3
USGS_15329,Kentucky_Pike,2.7,9.19,36.94,51.17,3.75,1165.5,214.9,7864.8
USGS_15330,Pennsylvania_Greene,5.12,22.05,18.75,54.08,2.21,1373.5,301.5,6760.8
USGS_15331,Kentucky_Pike,6.83,7.55,41.2,44.42,0.78,1333.5,93.9,7538.4
USGS_15332,Wyoming_Campbell,10.68,21.93,30.64,36.75,3.22,1358.3,160.9,6072.2
USGS_15333,WestVirginia_Boone,6.68,4.28,25.28,63.76,1.26,1233.5,165.4,8019.1
USGS_15334,Illinois_Saline,8.87,14.75,26.7,49.68,3.04,1219.3,89.4,6903.6
USGS_15335,Kentucky_Pike,11.92,20.16,19.59,48.33,3.65,1360.0,191.1,6229.5
USGS_15336,Wyoming_Campbell,2.88,23.63,41.74,31.75,2.77,1181.9,148.6,6576.2
USGS_15337,Illinois_Saline,4.38,23.09,18.94,53.59,2.43,1259.5,149.5,6745.2
USGS_15338,WestVirginia_Boone,5.64,21.21,33.72,39.43,1.97,1171.5,125.2,6599.7
USGS_15339,Illinois_Saline,5.93,22.65,28.63,42.79,1.64,1103.2,24.9,6510.8
USGS_15340,Wyoming_Campbell,5.82,8.18,40.77,45.23,1.6,1468.6,171.4,7591.6
USGS_15341,Illinois_Saline,11.03,9.97,23.9,55.1,2.56,1264.0,117.2,7122.7
USGS_15342,Pennsylvania_Greene,9.0,10.07,30.77,50.16,2.95,1468.4,20.4,7234.9
USGS_15343,Illinois_Saline,7.88,11.92,29.58,50.62,2.71,1153.3,109.3,7205.8
USGS_15344,Kentucky_Pike,4.75,12.26,34.87,48.12,1.07,1323.2,100.8,7426.7
USGS_15345,Kentucky_Pike,10.15,15.44,19.63,54.78,2.08,1176.4,134.1,6802.5
USGS_15346,Pennsylvania_Greene,11.53,7.36,22.65,58.46,3.09,1400.2,58.2,7307.0
USGS_15347,Wyoming_Campbell,10.12,18.52,23.15,48.21,2.02,1397.8,167.2,6504.5
USGS_15348,Kentucky_Pike,1.52,7.52,35.72,55.24,2.22,1142.8,220.8,8137.7
USGS_15349,WestVirginia_Boone,8.18,10.52,22.54,58.76,3.02,1446.6,202.8,7377.8
USGS_15350,Kentucky_Pike,2.04,14.57,31.76,51.63,2.65,1174.0,253.1,7541.0
USGS_15351,Kentucky_Pike,4.2,20.73,23.17,51.9,1.79,1332.9,151.1,6910.6
USGS_15352,Wyoming_Campbell,2.13,19.53,38.68,39.66,3.44,1474.5,170.5,7032.3
USGS_15353,Illinois_Saline,7.84,17.56,40.61,33.99,0.95,1435.3,255.0,6603.6
USGS_15354,Kentucky_Pike,8.71,7.27,30.44,53.58,3.78,1463.5,144.0,7503.0
USGS_15355,Pennsylvania_Greene,2.7,15.49,26.46,55.35,0.8,1230.2,223.5,7461.3
USGS_15356,Illinois_Saline,5.53,5.84,23.62,65.01,0.45,1140.1,146.0,8023.0
USGS_15357,WestVirginia_Boone,6.29,11.92,19.19,62.6,3.43,1171.6,141.1,7489.4
USGS_15358,Wyoming_Campbell,5.38,12.68,24.44,57.5,1.23,1290.2,240.5,7453.6
USGS_15359,WestVirginia_Boone,2.77,4.84,33.7,58.69,2.88,1401.4,70.7,8262.0
USGS_15360,Illinois_Saline,5.9,9.75,30.81,53.54,3.16,1157.1,118.2,7571.3
USGS_15361,Illinois_Saline,9.39,24.07,40.66,25.88,3.32,1350.7,85.0,5901.2
USGS_15362,Illinois_Saline,2.25,24.03,27.51,46.21,3.77,1223.0,124.1,6776.4
USGS_15363,WestVirginia_Boone,2.34,11.4,34.65,51.61,1.4,1229.7,86.8,7742.6
USGS_15364,Illinois_Saline,5.23,4.91,29.74,60.12,2.81,1351.5,188.0,8057.7
USGS_15365,WestVirginia_Boone,11.39,7.76,30.3,50.55,0.79,1277.5,251.5,7195.6
USGS_15366,Illinois_Saline,8.52,12.24,24.43,54.81,1.78,1408.6,248.1,7176.7
USGS_15367,Pennsylvania_Greene,8.63,23.9,28.92,38.55,3.28,1159.2,125.7,6132.4
USGS_15368,Illinois_Saline,5.3,6.97,29.3,58.43,1.65,1400.2,306.7,7882.9
USGS_15369,WestVirginia_Boone,7.73,20.03,34.96,37.28,2.41,1124.4,192.2,6475.0
USGS_15370,Kentucky_Pike,1.61,6.28,40.58,51.53,2.11,1173.7,135.8,8174.5
USGS_15371,Illinois_Saline,8.18,24.61,25.9,41.31,2.6,1349.3,262.3,6154.0
USGS_15372,Kentucky_Pike,11.09,12.01,19.01,57.89,3.71,1424.9,231.7,7004.0
USGS_15373,Pennsylvania_Greene,7.93,20.28,29.91,41.88,0.59,1196.0,237.3,6494.6
USGS_15374,Wyoming_Campbell,10.67,11.19,31.07,47.07,2.35,1224.3,76.9,6970.2
USGS_15375,Pennsylvania_Greene,9.1,17.18,22.04,51.68,3.33,1304.1,155.8,6732.4
USGS_15376,Illinois_Saline,2.77,8.03,36.25,52.95,2.04,1180.4,269.9,7963.5
USGS_15377,Kentucky_Pike,10.98,7.07,41.64,40.31,0.67,1408.2,166.2,7158.4
USGS_15378,Kentucky_Pike,2.2,23.7,40.7,33.4,2.31,1394.0,218.2,6650.8
USGS_15379,WestVirginia_Boone,7.11,23.27,22.73,46.89,1.53,1155.2,190.5,6411.6
USGS_15380,Kentucky_Pike,2.99,22.64,39.01,35.36,0.93,1276.3,264.3,6681.1
USGS_15381,WestVirginia_Boone,1.62,17.13,34.91,46.34,3.29,1394.4,102.5,7330.2
USGS_15382,Wyoming_Campbell,5.93,20.97,28.89,44.21,2.17,1228.2,186.9,6648.8
USGS_15383,Illinois_Saline,4.6,5.45,30.97,58.98,3.57,1340.6,55.7,8060.6
USGS_15384,WestVirginia_Boone,6.6,11.03,38.39,43.98,3.14,1119.1,220.2,7302.8
USGS_15385,Wyoming_Campbell,7.56,10.59,29.52,52.33,2.76,1331.3,232.3,7350.2
USGS_15386,Kentucky_Pike,1.96,17.35,26.96,53.73,0.42,1158.0,32.4,7373.1
USGS_15387,Kentucky_Pike,2.79,11.48,29.84,55.89,1.85,1415.6,216.0,7748.6
USGS_15388,Wyoming_Campbell,7.37,7.12,31.9,53.61,1.07,1235.1,140.3,7632.1
USGS_15389,Kentucky_Pike,5.1,16.53,22.54,55.83,3.5,1207.0,56.0,7181.0
USGS_15390,Wyoming_Campbell,9.16,21.1,39.62,30.12,0.99,1419.5,141.8,6186.2
USGS_15391,WestVirginia_Boone,8.35,12.02,34.18,45.45,1.37,1119.1,76.3,7095.2
USGS_15392,WestVirginia_Boone,10.38,6.78,33.2,49.64,2.16,1250.7,140.5,7344.1
USGS_15393,Wyoming_Campbell,8.77,8.13,20.39,62.71,1.3,1240.6,131.5,7545.4
USGS_15394,WestVirginia_Boone,6.01,8.99,32.5,52.5,1.11,1208.2,234.1,7603.8
USGS_15395,WestVirginia_Boone,8.57,10.3,20.9,60.23,2.44,1446.5,244.5,7377.0
USGS_15396,WestVirginia_Boone,4.39,17.5,19.89,58.22,0.7,1385.4,196.0,7202.3
USGS_15397,Pennsylvania_Greene,4.72,16.62,30.66,48.0,0.6,1124.3,26.6,7114.0
USGS_15398,Illinois_Saline,9.78,18.62,27.67,43.93,1.67,1371.6,290.0,6475.9
USGS_15399,Kentucky_Pike,6.19,11.61,32.13,50.07,2.85,1300.4,219.0,7370.2
USGS_15400,Pennsylvania_Greene,9.88,21.3,20.14,48.68,2.29,1442.3,29.9,6331.1
USGS_15401,WestVirginia_Boone,10.14,8.29,28.34,53.23,1.84,1218.9,257.5,7299.6
USGS_15402,Wyoming_Campbell,10.5,13.85,22.19,53.46,2.32,1318.2,78.1,6870.3
USGS_15403,WestVirginia_Boone,11.12,20.82,41.69,26.37,1.64,1290.3,188.0,5988.8
USGS_15404,Illinois_Saline,6.03,7.78,31.47,54.72,3.58,1286.0,155.3,7715.8
USGS_15405,WestVirginia_Boone,4.85,6.31,34.5,54.34,0.59,1273.3,141.8,7921.0
USGS_15406,Wyoming_Campbell,7.61,22.56,25.81,44.02,2.69,1178.1,278.0,6384.2
USGS_15407,Illinois_Saline,5.4,11.2,20.27,63.13,3.43,1387.2,146.8,7626.0
USGS_15408,WestVirginia_Boone,7.81,18.36,41.42,32.41,3.13,1271.5,41.8,6529.7
USGS_15409,Illinois_Saline,8.91,4.53,24.87,61.69,1.03,1464.2,294.5,7780.0
USGS_15410,Kentucky_Pike,8.73,18.49,28.17,44.61,1.41,1199.1,287.0,6585.8
USGS_15411,Kentucky_Pike,5.43,10.64,33.6,50.33,2.84,1359.4,218.5,7510.0
USGS_15412,WestVirginia_Boone,3.25,5.17,18.59,72.99,0.69,1457.5,155.7,8367.6
USGS_15413,Illinois_Saline,6.02,16.81,37.45,39.72,3.16,1352.1,46.9,6886.6
USGS_15414,Wyoming_Campbell,3.0,9.06,30.88,57.06,2.84,1431.1,249.3,7918.4
USGS_15415,WestVirginia_Boone,10.85,12.12,24.68,52.35,2.88,1414.4,41.9,6950.8
USGS_15416,Kentucky_Pike,5.13,5.69,19.48,69.7,0.74,1236.8,39.9,8125.3
USGS_15417,Kentucky_Pike,3.12,7.09,21.9,67.89,2.84,1328.0,175.8,8179.6
USGS_15418,WestVirginia_Boone,1.77,10.26,39.48,48.49,2.71,1159.4,66.4,7837.4
USGS_15419,Illinois_Saline,8.28,5.88,34.46,51.38,3.23,1303.5,22.2,7614.6
USGS_15420,Kentucky_Pike,8.19,23.13,24.0,44.68,0.54,1187.6,142.7,6300.1
USGS_15421,Illinois_Saline,5.08,4.13,19.57,71.22,0.48,1382.6,59.8,8260.2
USGS_15422,Kentucky_Pike,2.25,14.16,34.57,49.02,1.67,1300.7,66.5,7520.7
USGS_15423,Kentucky_Pike,5.8,6.59,31.74,55.87,0.91,1256.3,42.3,7835.6
USGS_15424,Pennsylvania_Greene,4.77,10.46,27.71,57.06,2.3,1202.1,79.5,7661.8
USGS_15425,Kentucky_Pike,8.61,23.45,26.73,41.21,3.52,1479.5,227.5,6198.4
USGS_15426,Wyoming_Campbell,7.86,7.4,23.2,61.54,1.73,1127.2,254.6,7664.0
USGS_15427,WestVirginia_Boone,5.33,24.28,34.07,36.32,3.27,1116.6,151.2,6368.6
USGS_15428,WestVirginia_Boone,3.79,8.32,41.3,46.59,0.4,1182.6,166.9,7776.5
USGS_15429,Illinois_Saline,11.87,19.57,22.22,46.34,0.97,1469.0,29.5,6252.5
USGS_15430,Kentucky_Pike,6.27,15.48,32.33,45.92,0.5,1472.1,40.1,7034.7
USGS_15431,Wyoming_Campbell,8.73,22.57,28.18,40.52,1.52,1348.9,94.7,6243.0
USGS_15432,Illinois_Saline,2.98,15.63,28.72,52.67,3.49,1434.4,177.7,7394.4
USGS_15433,Pennsylvania_Greene,6.6,15.23,24.1,54.07,0.73,1181.3,234.5,7121.5
USGS_15434,Illinois_Saline,1.79,8.1,37.8,52.31,2.46,1469.4,195.5,8037.0
USGS_15435,Illinois_Saline,6.81,7.49,29.65,56.05,1.94,1154.3,133.7,7684.0
USGS_15436,Kentucky_Pike,11.62,23.25,31.04,34.09,3.59,1138.4,54.3,5862.5
USGS_15437,Pennsylvania_Greene,5.53,10.88,25.31,58.28,0.82,1142.6,246.4,7579.4
USGS_15438,Illinois_Saline,1.91,11.81,22.36,63.92,1.12,1317.8,125.5,7898.6
USGS_15439,Wyoming_Campbell,1.83,19.96,20.06,58.15,0.5,1396.8,233.5,7249.6
USGS_15440,Wyoming_Campbell,5.57,11.12,35.14,48.17,1.88,1239.3,168.8,7437.2
USGS_15441,WestVirginia_Boone,3.18,23.99,22.71,50.12,1.34,1471.6,234.2,6744.3
USGS_15442,Pennsylvania_Greene,1.75,19.5,34.56,44.19,3.36,1265.1,283.1,7122.3
USGS_15443,Pennsylvania_Greene,9.44,16.55,27.37,46.64,2.46,1157.2,287.1,6687.4
USGS_15444,WestVirginia_Boone,6.31,22.5,27.98,43.21,2.49,1277.1,175.2,6493.2
USGS_15445,Illinois_Saline,4.54,5.04,29.26,61.16,2.21,1358.0,168.3,8121.5
USGS_15446,Pennsylvania_Greene,10.95,9.4,26.83,52.82,0.71,1416.2,97.0,7143.4
USGS_15447,Wyoming_Campbell,2.72,13.77,20.41,63.1,1.91,1274.3,291.4,7676.4
USGS_15448,Wyoming_Campbell,11.54,8.77,25.43,54.26,3.8,1325.6,152.8,7154.2
USGS_15449,Kentucky_Pike,4.8,19.62,33.93,41.65,3.24,1201.6,57.0,6814.8
USGS_15450,Pennsylvania_Greene,10.83,23.3,33.98,31.89,3.44,1345.4,145.5,5902.0
USGS_15451,Illinois_Saline,7.83,12.9,24.87,54.4,3.2,1474.7,56.8,7185.0
USGS_15452,WestVirginia_Boone,10.18,11.18,29.04,49.6,0.75,1118.6,165.7,7044.4
USGS_15453,WestVirginia_Boone,11.83,24.19,22.64,41.34,1.17,1436.9,182.8,5863.4
USGS_15454,Illinois_Saline,4.53,13.34,23.05,59.08,0.41,1313.7,117.9,7499.8
USGS_15455,Kentucky_Pike,11.59,14.27,18.55,55.59,1.43,1195.8,40.8,6769.7
USGS_15456,WestVirginia_Boone,5.59,11.38,39.52,43.51,0.77,1462.9,293.6,7360.8
USGS_15457,Pennsylvania_Greene,5.55,23.1,23.06,48.29,2.01,1283.7,244.3,6577.9
USGS_15458,Kentucky_Pike,5.07,15.95,23.46,55.52,2.7,1226.0,263.3,7221.7
USGS_15459,Pennsylvania_Greene,7.18,20.01,24.71,48.1,3.37,1169.0,126.4,6654.6
USGS_15460,Wyoming_Campbell,3.12,21.05,21.06,54.77,2.95,1192.9,240.6,7017.1
USGS_15461,Kentucky_Pike,7.31,11.18,33.34,48.17,3.59,1416.5,160.8,7279.8
USGS_15462,WestVirginia_Boone,7.19,13.11,19.8,59.9,0.58,1333.5,78.3,7292.2
USGS_15463,Kentucky_Pike,9.5,21.82,21.22,47.46,0.44,1447.0,56.1,6312.5
USGS_15464,Kentucky_Pike,10.25,11.63,33.47,44.65,2.65,1188.1,120.1,6946.4
USGS_15465,Kentucky_Pike,6.12,20.67,26.15,47.06,1.38,1146.0,59.9,6687.9
USGS_15466,Kentucky_Pike,4.67,23.76,34.99,36.58,1.26,1102.3,309.5,6467.3
USGS_15467,Pennsylvania_Greene,4.22,17.09,31.38,47.31,1.53,1293.0,34.3,7115.9
USGS_15468,Wyoming_Campbell,3.54,19.57,24.14,52.75,1.32,1479.4,147.9,7062.4
USGS_15469,Illinois_Saline,2.11,20.91,33.62,43.36,2.14,1364.1,151.1,6979.1
USGS_15470,Kentucky_Pike,5.1,21.75,20.79,52.36,1.9,1217.2,107.2,6763.5
USGS_15471,WestVirginia_Boone,4.34,12.3,30.87,52.49,2.14,1433.2,185.7,7512.4
USGS_15472,Kentucky_Pike,11.65,5.08,28.49,54.78,2.69,1397.1,63.5,7416.4
USGS_15473,WestVirginia_Boone,7.36,12.44,24.43,55.77,1.72,1105.9,247.3,7275.9
USGS_15474,Pennsylvania_Greene,5.15,18.15,32.5,44.2,1.25,1410.4,116.4,6920.4
USGS_15475,WestVirginia_Boone,7.59,13.46,38.91,40.04,0.97,1214.2,191.5,6993.4
USGS_15476,Illinois_Saline,2.96,19.73,41.97,35.34,1.59,1156.9,227.5,6893.0
USGS_15477,Wyoming_Campbell,6.16,11.5,32.59,49.75,2.92,1186.0,277.8,7376.9
USGS_15478,WestVirginia_Boone,8.08,17.33,27.71,46.88,2.97,1278.1,262.4,6753.8
USGS_15479,WestVirginia_Boone,6.63,7.91,23.4,62.06,2.67,1261.4,196.4,7741.8
USGS_15480,Wyoming_Campbell,5.72,19.74,24.17,50.37,1.2,1209.8,132.6,6829.8
USGS_15481,Illinois_Saline,11.94,15.46,29.51,43.09,2.4,1165.4,165.9,6503.2
USGS_15482,Kentucky_Pike,10.74,8.29,26.81,54.16,2.34,1389.6,242.9,7257.9
USGS_15483,WestVirginia_Boone,8.05,10.13,39.93,41.89,2.05,1476.2,274.5,7214.9
USGS_15484,Wyoming_Campbell,7.48,19.72,26.84,45.96,2.27,1395.6,50.1,6623.4
USGS_15485,Pennsylvania_Greene,8.02,14.13,26.96,50.89,2.07,1212.5,131.6,7037.6
USGS_15486,Wyoming_Campbell,3.61,8.54,27.2,60.65,2.32,1193.0,245.1,7945.2
USGS_15487,Pennsylvania_Greene,5.65,24.31,38.08,31.96,2.83,1182.7,145.2,6286.0
USGS_15488,Illinois_Saline,1.91,19.02,33.62,45.45,0.77,1151.9,116.3,7157.9
USGS_15489,Kentucky_Pike,6.49,24.1,32.74,36.67,2.95,1309.5,139.3,6283.7
USGS_15490,Wyoming_Campbell,7.2,12.97,26.02,53.81,0.86,1330.1,194.8,7228.3
USGS_15491,WestVirginia_Boone,3.89,13.98,37.63,44.5,0.63,1368.1,309.9,7335.1
USGS_15492,Illinois_Saline,11.62,22.86,18.92,46.6,3.72,1358.5,163.0,6040.7
USGS_15493,Wyoming_Campbell,11.05,15.03,38.9,35.02,3.65,1211.1,80.5,6515.7
USGS_15494,WestVirginia_Boone,9.08,18.85,30.31,41.76,0.61,1225.5,67.2,6494.9
USGS_15495,Wyoming_Campbell,7.1,9.3,27.56,56.04,1.91,1359.0,32.3,7528.1
USGS_15496,Pennsylvania_Greene,10.63,13.38,29.93,46.06,1.03,1232.8,182.1,6803.9
USGS_15497,Wyoming_Campbell,2.87,6.59,34.02,56.52,2.05,1180.8,177.9,8101.2
USGS_15498,Wyoming_Campbell,9.8,8.33,18.31,63.56,3.22,1242.2,79.5,7450.6
USGS_15499,Wyoming_Campbell,2.81,4.02,38.92,54.25,3.63,1203.4,221.6,8264.3
USGS_15500,Illinois_Saline,9.84,4.82,28.72,56.62,2.56,1133.6,234.9,7616.5
USGS_15501,Wyoming_Campbell,4.4,24.52,26.23,44.85,1.6,1415.5,95.1,6535.6
USGS_15502,WestVirginia_Boone,10.71,9.09,21.32,58.88,2.45,1424.2,119.8,7259.6
USGS_15503,Pennsylvania_Greene,11.41,17.93,28.55,42.11,1.46,1183.5,307.2,6360.3
USGS_15504,Pennsylvania_Greene,3.06,21.62,29.91,45.41,3.49,1124.6,128.5,6869.0
USGS_15505,Wyoming_Campbell,6.36,15.56,27.69,50.39,3.36,1380.8,240.6,7074.7
USGS_15506,Illinois_Saline,11.8,7.22,34.29,46.69,2.3,1180.4,151.3,7152.0
USGS_15507,Illinois_Saline,6.58,19.29,28.1,46.03,1.5,1249.5,250.1,6734.4
USGS_15508,WestVirginia_Boone,10.57,16.61,41.07,31.75,1.4,1124.4,243.0,6404.9
USGS_15509,Wyoming_Campbell,7.68,19.36,32.38,40.58,0.51,1186.0,213.6,6567.2
USGS_15510,Pennsylvania_Greene,5.44,20.16,37.38,37.02,3.17,1401.3,267.9,6664.0
USGS_15511,Illinois_Saline,4.5,24.48,20.62,50.4,1.93,1405.7,292.4,6596.2
USGS_15512,Wyoming_Campbell,3.63,16.04,27.53,52.8,1.51,1178.7,188.2,7309.3
USGS_15513,Illinois_Saline,9.5,11.17,26.08,53.25,2.0,1227.6,88.9,7148.8
USGS_15514,Illinois_Saline,5.56,17.62,31.67,45.15,3.18,1151.0,135.6,6933.9
USGS_15515,Pennsylvania_Greene,6.87,5.44,38.67,49.02,0.82,1128.2,239.9,7742.0
USGS_15516,Kentucky_Pike,6.67,22.85,19.88,50.6,3.32,1477.0,208.8,6525.0
USGS_15517,WestVirginia_Boone,7.56,6.51,19.74,66.19,3.45,1349.1,71.6,7810.3
USGS_15518,WestVirginia_Boone,10.59,10.88,38.41,40.12,3.62,1306.0,34.9,6916.2
USGS_15519,Pennsylvania_Greene,11.8,21.13,23.11,43.96,1.75,1390.9,218.1,6117.8
USGS_15520,Illinois_Saline,5.78,16.54,34.05,43.63,1.14,1419.2,92.8,6974.0
USGS_15521,Wyoming_Campbell,10.19,12.27,31.03,46.51,1.67,1406.6,164.9,6928.0
USGS_15522,Illinois_Saline,9.53,13.94,37.99,38.54,1.53,1106.3,236.6,6770.2
USGS_15523,Pennsylvania_Greene,7.52,21.95,21.0,49.53,1.0,1171.0,183.2,6502.2
USGS_15524,WestVirginia_Boone,11.54,11.14,21.11,56.21,2.46,1348.9,44.2,7006.9
USGS_15525,Illinois_Saline,3.6,22.26,31.36,42.78,2.02,1242.8,73.8,6743.8
USGS_15526,WestVirginia_Boone,2.65,5.85,40.71,50.79,3.34,1473.3,83.6,8105.1
USGS_15527,Wyoming_Campbell,10.47,20.31,27.96,41.26,0.51,1352.9,94.8,6261.4
USGS_15528,WestVirginia_Boone,6.11,21.8,25.85,46.24,2.59,1463.5,184.0,6597.6
USGS_15529,WestVirginia_Boone,10.39,7.82,32.56,49.23,2.99,1176.5,166.2,7263.4
USGS_15530,Kentucky_Pike,10.88,13.04,40.33,35.75,2.98,1428.3,78.9,6682.7
USGS_15531,Kentucky_Pike,2.16,7.48,38.09,52.27,3.41,1222.1,39.6,8048.6
USGS_15532,Kentucky_Pike,10.78,18.84,41.89,28.49,2.88,1476.0,69.7,6186.8
USGS_15533,WestVirginia_Boone,6.21,15.24,18.54,60.01,3.55,1159.9,305.5,7226.4
USGS_15534,Pennsylvania_Greene,6.86,17.34,20.71,55.09,1.53,1296.2,155.9,6958.9
USGS_15535,WestVirginia_Boone,8.08,8.13,32.63,51.16,2.11,1401.3,271.5,7467.5
USGS_15536,Pennsylvania_Greene,11.23,8.45,37.69,42.63,0.45,1264.4,266.1,7064.9
USGS_15537,Pennsylvania_Greene,1.7,4.87,24.85,68.58,0.42,1277.9,168.3,8472.7
USGS_15538,Kentucky_Pike,6.51,10.76,23.74,58.99,1.22,1474.8,224.9,7510.3
USGS_15539,Illinois_Saline,8.72,15.75,36.89,38.64,0.74,1261.6,75.9,6712.3
USGS_15540,Wyoming_Campbell,9.09,22.02,19.35,49.54,1.28,1329.5,219.6,6359.1
USGS_15541,Kentucky_Pike,8.77,18.01,26.87,46.35,1.0,1120.7,99.0,6637.7
USGS_15542,Kentucky_Pike,2.91,13.14,30.14,53.81,0.5,1420.0,261.3,7593.6
USGS_15543,Illinois_Saline,4.64,24.02,31.45,39.89,3.49,1346.3,44.3,6490.9
USGS_15544,Wyoming_Campbell,5.27,19.1,35.49,40.14,0.43,1253.5,244.2,6792.7
USGS_15545,WestVirginia_Boone,9.95,23.53,26.52,40.0,2.9,1106.1,49.0,6060.2
USGS_15546,WestVirginia_Boone,4.43,15.08,32.7,47.79,0.92,1324.8,275.5,7247.9
USGS_15547,Kentucky_Pike,3.71,9.44,32.05,54.8,3.5,1104.8,108.2,7801.4
USGS_15548,Wyoming_Campbell,11.55,5.11,31.14,52.2,3.44,1100.5,209.8,7392.1
USGS_15549,Kentucky_Pike,1.59,19.25,33.37,45.79,2.62,1334.1,161.4,7173.6
USGS_15550,Pennsylvania_Greene,11.98,6.55,24.23,57.24,2.69,1171.8,126.2,7311.0
USGS_15551,Kentucky_Pike,8.61,10.36,20.03,61.0,0.42,1172.9,207.2,7378.4
USGS_15552,Kentucky_Pike,10.2,15.18,20.86,53.76,3.75,1348.2,294.8,6804.6
USGS_15553,WestVirginia_Boone,4.59,15.85,23.39,56.17,3.38,1120.4,32.0,7278.9
USGS_15554,WestVirginia_Boone,1.65,16.61,30.0,51.74,3.44,1219.1,286.5,7429.8
USGS_15555,WestVirginia_Boone,9.25,7.49,38.17,45.09,2.64,1156.8,196.6,7337.8
USGS_15556,Pennsylvania_Greene,10.26,11.97,34.83,42.94,1.57,1320.5,254.1,6900.6
USGS_15557,WestVirginia_Boone,9.27,16.96,36.94,36.83,3.44,1351.5,131.3,6555.1
USGS_15558,Wyoming_Campbell,3.0,24.37,26.42,46.21,1.39,1374.0,156.8,6685.9
USGS_15559,Illinois_Saline,9.41,19.28,27.71,43.6,2.31,1197.0,272.0,6457.0
USGS_15560,Wyoming_Campbell,9.57,23.37,27.45,39.61,0.74,1133.9,140.3,6100.5
USGS_15561,Wyoming_Campbell,8.41,20.01,22.6,48.98,3.53,1129.9,175.1,6557.0
USGS_15562,WestVirginia_Boone,9.54,16.43,19.47,54.56,0.88,1261.9,25.9,6782.2
USGS_15563,Illinois_Saline,10.38,8.03,32.18,49.41,1.16,1459.4,66.0,7251.3
USGS_15564,Illinois_Saline,7.94,18.0,41.74,32.32,2.3,1182.7,206.1,6543.1
USGS_15565,Illinois_Saline,2.43,17.09,22.0,58.48,3.0,1197.6,227.9,7407.4
USGS_15566,Pennsylvania_Greene,6.62,16.65,19.12,57.61,2.51,1138.3,189.0,7060.0
USGS_15567,WestVirginia_Boone,2.32,14.29,36.71,46.68,1.19,1330.1,61.6,7477.1
USGS_15568,Illinois_Saline,5.78,15.1,24.06,55.06,0.4,1358.4,149.2,7214.9
USGS_15569,Pennsylvania_Greene,5.77,11.02,37.91,45.3,2.97,1344.3,123.0,7392.4
USGS_15570,Kentucky_Pike,2.19,14.91,34.89,48.01,3.75,1427.2,163.7,7459.9
USGS_15571,Kentucky_Pike,5.16,8.15,40.7,45.99,3.15,1284.8,272.4,7661.0
USGS_15572,Pennsylvania_Greene,2.67,20.91,27.81,48.61,1.96,1151.1,245.0,6992.8
USGS_15573,Pennsylvania_Greene,9.99,7.9,33.89,48.22,3.47,1210.0,44.4,7280.7
USGS_15574,WestVirginia_Boone,11.45,5.78,29.16,53.61,1.79,1351.7,278.2,7369.6
USGS_15575,WestVirginia_Boone,2.26,13.16,33.13,51.45,2.18,1333.0,156.8,7621.0
USGS_15576,Kentucky_Pike,11.53,17.82,28.79,41.86,2.02,1301.8,235.7,6354.6
USGS_15577,Illinois_Saline,6.99,13.19,22.53,57.29,1.92,1359.5,60.6,7272.7
USGS_15578,Kentucky_Pike,4.65,9.81,30.19,55.35,3.04,1342.2,214.5,7698.7
USGS_15579,Illinois_Saline,2.31,15.72,30.69,51.28,2.19,1434.9,88.5,7430.2
USGS_15580,Illinois_Saline,6.76,11.29,37.45,44.5,1.48,1322.7,147.1,7276.2
USGS_15581,WestVirginia_Boone,9.84,23.59,35.65,30.92,1.28,1395.9,24.9,5956.6
USGS_15582,Wyoming_Campbell,8.92,23.38,33.93,33.77,0.53,1194.5,64.0,6086.9
USGS_15583,Wyoming_Campbell,2.03,14.55,20.72,62.7,2.38,1357.7,46.7,7676.2
USGS_15584,Pennsylvania_Greene,2.27,10.89,35.29,51.55,1.18,1442.8,89.5,7784.8
USGS_15585,WestVirginia_Boone,5.73,19.48,30.01,44.78,0.9,1246.6,49.0,6780.6
USGS_15586,Illinois_Saline,4.6,4.77,39.46,51.17,2.62,1396.1,220.7,8015.8
USGS_15587,Wyoming_Campbell,3.94,13.97,40.08,42.01,2.72,1375.4,28.4,7301.6
USGS_15588,Illinois_Saline,4.45,11.06,19.32,65.17,2.96,1122.6,199.1,7744.1
USGS_15589,Wyoming_Campbell,9.94,23.33,37.7,29.03,2.11,1321.0,60.8,5943.9
USGS_15590,Wyoming_Campbell,11.26,4.25,18.9,65.59,3.44,1149.5,294.1,7640.2
USGS_15591,Wyoming_Campbell,5.75,15.61,26.81,51.83,3.58,1467.6,290.6,7142.0
USGS_15592,WestVirginia_Boone,11.01,19.55,31.02,38.42,3.15,1408.3,85.4,6234.6
USGS_15593,Kentucky_Pike,4.88,14.19,21.55,59.38,2.56,1141.7,198.2,7411.4
USGS_15594,Illinois_Saline,6.5,5.79,35.91,51.8,1.43,1146.3,28.1,7782.7
USGS_15595,WestVirginia_Boone,3.87,24.42,18.2,53.51,3.74,1325.9,290.2,6693.3
USGS_15596,WestVirginia_Boone,8.22,14.88,22.05,54.85,1.33,1231.1,171.7,7013.5
USGS_15597,WestVirginia_Boone,11.78,16.9,31.94,39.38,1.09,1113.3,32.5,6369.1
USGS_15598,WestVirginia_Boone,7.84,8.97,35.15,48.04,1.9,1305.8,119.3,7390.7
USGS_15599,WestVirginia_Boone,5.26,14.15,40.0,40.59,0.59,1247.4,42.3,7155.4
USGS_15600,Pennsylvania_Greene,8.3,13.01,34.93,43.76,3.73,1138.4,134.0,7008.0
USGS_15601,Illinois_Saline,2.79,5.57,34.12,57.52,2.4,1404.7,214.3,8193.7
USGS_15602,WestVirginia_Boone,10.83,6.23,27.46,55.48,2.29,1447.7,156.3,7414.2
USGS_15603,Illinois_Saline,6.78,21.59,18.03,53.6,2.63,1387.5,131.3,6642.1
USGS_15604,Pennsylvania_Greene,6.22,9.04,20.88,63.86,2.09,1412.5,54.6,7718.1
USGS_15605,Pennsylvania_Greene,7.65,8.09,30.83,53.43,0.51,1182.3,91.0,7535.5
USGS_15606,Illinois_Saline,8.06,14.6,34.2,43.14,2.48,1200.2,49.0,6907.2
USGS_15607,Wyoming_Campbell,2.25,20.14,28.02,49.59,2.83,1179.2,254.2,7097.0
USGS_15608,Kentucky_Pike,8.67,5.3,35.54,50.49,1.82,1390.7,59.2,7611.3
USGS_15609,Wyoming_Campbell,4.04,16.11,30.52,49.33,2.97,1460.2,192.7,7226.5
USGS_15610,Wyoming_Campbell,9.0,6.5,19.78,64.72,1.17,1372.4,119.4,7666.6
USGS_15611,Wyoming_Campbell,10.14,4.77,22.61,62.48,1.15,1435.0,85.5,7664.0
USGS_15612,WestVirginia_Boone,9.94,5.11,38.16,46.79,0.95,1342.7,205.4,7468.8
USGS_15613,Pennsylvania_Greene,7.3,21.52,35.4,35.78,1.66,1247.3,152.5,6387.5
USGS_15614,Wyoming_Campbell,6.96,6.48,39.47,47.09,3.28,1261.8,136.0,7636.0
USGS_15615,Pennsylvania_Greene,3.0,4.95,20.82,71.23,3.21,1128.6,191.9,8384.4
USGS_15616,Illinois_Saline,9.64,13.2,41.77,35.39,1.7,1112.0,162.5,6776.0
USGS_15617,Kentucky_Pike,4.35,21.72,23.03,50.9,2.4,1364.3,108.0,6814.2
USGS_15618,Illinois_Saline,6.72,9.51,18.28,65.49,2.85,1266.6,182.1,7659.8
USGS_15619,Illinois_Saline,4.48,12.86,41.94,40.72,1.22,1309.8,214.2,7318.5
USGS_15620,WestVirginia_Boone,2.91,4.84,24.75,67.5,0.97,1311.9,27.7,8355.4
USGS_15621,Kentucky_Pike,8.11,13.43,34.03,44.43,3.71,1205.4,155.1,7002.5
USGS_15622,Illinois_Saline,2.07,16.13,22.24,59.56,2.5,1280.8,36.7,7521.2
USGS_15623,Illinois_Saline,9.36,15.99,31.93,42.72,3.74,1278.9,74.1,6687.7
USGS_15624,Kentucky_Pike,4.83,10.98,39.7,44.49,1.55,1247.6,182.5,7468.3
USGS_15625,Kentucky_Pike,1.5,10.63,25.68,62.19,2.79,1411.9,271.2,7998.9
USGS_15626,Illinois_Saline,6.87,6.24,34.09,52.8,1.16,1271.4,276.0,7729.8
USGS_15627,Kentucky_Pike,1.99,11.7,22.51,63.8,1.29,1329.4,40.3,7898.1
USGS_15628,Illinois_Saline,4.4,6.09,33.0,56.51,2.14,1440.3,141.5,8002.4
USGS_15629,Illinois_Saline,8.92,20.1,26.07,44.91,1.49,1429.2,189.1,6456.8
USGS_15630,WestVirginia_Boone,2.16,24.29,23.07,50.48,0.97,1438.4,62.7,6816.8
USGS_15631,Wyoming_Campbell,10.31,24.37,25.52,39.8,1.29,1202.6,242.0,5965.7
USGS_15632,Illinois_Saline,1.54,22.17,22.29,54.0,0.52,1113.3,235.8,7066.2
USGS_15633,Pennsylvania_Greene,4.09,16.62,39.65,39.64,2.8,1199.2,282.0,7069.1
USGS_15634,Wyoming_Campbell,9.28,18.72,27.53,44.47,2.07,1205.9,22.5,6519.2
USGS_15635,Wyoming_Campbell,4.82,9.99,23.89,61.3,0.72,1445.6,82.8,7742.2
USGS_15636,Wyoming_Campbell,2.57,17.25,28.76,51.42,0.98,1346.7,259.9,7298.9
USGS_15637,WestVirginia_Boone,5.28,13.57,25.69,55.46,0.75,1131.0,214.5,7373.8
USGS_15638,Illinois_Saline,4.34,14.12,35.87,45.67,2.48,1151.4,279.4,7299.5
USGS_15639,WestVirginia_Boone,10.35,19.91,41.31,28.43,0.72,1159.2,36.6,6146.8
USGS_15640,Illinois_Saline,4.79,9.92,28.51,56.78,2.96,1339.6,193.1,7695.6
USGS_15641,WestVirginia_Boone,9.78,10.68,38.66,40.88,0.47,1379.5,185.0,7011.0
USGS_15642,WestVirginia_Boone,10.86,23.42,31.58,34.14,1.25,1426.7,30.3,5917.8
USGS_15643,Pennsylvania_Greene,6.06,5.18,21.77,66.99,3.43,1457.4,168.9,8047.6
USGS_15644,WestVirginia_Boone,11.05,14.2,34.57,40.18,2.84,1176.6,196.8,6637.4
USGS_15645,Kentucky_Pike,5.46,23.17,30.32,41.05,0.65,1217.7,75.5,6493.9
USGS_15646,Pennsylvania_Greene,11.62,16.82,33.61,37.95,3.19,1191.3,99.3,6371.8
USGS_15647,WestVirginia_Boone,2.44,15.47,39.35,42.74,2.08,1236.3,205.7,7334.3
USGS_15648,Wyoming_Campbell,8.71,9.24,28.57,53.48,3.28,1447.6,155.8,7360.0
USGS_15649,Kentucky_Pike,6.69,11.21,39.63,42.47,2.44,1318.5,268.8,7263.8
USGS_15650,Kentucky_Pike,5.57,21.89,36.02,36.52,2.72,1380.5,119.3,6522.0
USGS_15651,Kentucky_Pike,8.14,15.74,29.73,46.39,3.78,1286.2,97.3,6857.1
USGS_15652,Pennsylvania_Greene,8.89,14.81,32.48,43.82,1.19,1111.0,305.6,6827.2
USGS_15653,WestVirginia_Boone,1.55,6.09,25.81,66.55,2.52,1124.4,284.2,8373.7
USGS_15654,WestVirginia_Boone,3.25,4.34,41.61,50.8,1.97,1304.4,28.4,8161.1
USGS_15655,Wyoming_Campbell,8.99,24.24,34.02,32.75,0.53,1373.1,243.5,6006.6
USGS_15656,Wyoming_Campbell,8.5,11.92,19.05,60.53,0.45,1181.8,52.0,7270.1
USGS_15657,Kentucky_Pike,11.64,16.67,25.84,45.85,0.81,1374.3,28.0,6475.6
USGS_15658,Wyoming_Campbell,9.49,5.67,32.96,51.88,2.61,1408.1,99.4,7529.2
USGS_15659,Pennsylvania_Greene,11.48,18.35,19.35,50.82,2.33,1256.5,98.1,6428.4
USGS_15660,WestVirginia_Boone,8.88,23.58,18.57,48.97,2.28,1383.6,257.6,6258.4
USGS_15661,Kentucky_Pike,4.63,16.09,28.8,50.48,0.51,1253.5,226.1,7189.8
USGS_15662,Wyoming_Campbell,2.61,6.65,25.98,64.76,2.0,1357.8,304.7,8218.6
USGS_15663,Pennsylvania_Greene,9.71,16.22,28.52,45.55,3.54,1390.3,226.3,6674.3
USGS_15664,Pennsylvania_Greene,8.26,20.09,24.3,47.35,1.75,1476.9,141.3,6544.8
USGS_15665,Wyoming_Campbell,2.01,12.53,21.95,63.51,2.52,1231.3,222.7,7833.1
USGS_15666,WestVirginia_Boone,5.28,22.48,34.54,37.7,3.05,1256.2,309.8,6519.2
USGS_15667,Wyoming_Campbell,11.55,17.62,30.35,40.48,3.07,1162.9,225.9,6350.7
USGS_15668,Kentucky_Pike,6.75,22.88,22.8,47.57,2.17,1177.5,240.9,6479.5
USGS_15669,Wyoming_Campbell,6.04,17.09,25.67,51.2,3.32,1363.5,292.1,7002.4
USGS_15670,Pennsylvania_Greene,6.31,6.76,32.2,54.73,1.73,1448.5,53.0,7764.8
USGS_15671,Wyoming_Campbell,3.69,10.5,19.73,66.08,3.42,1249.9,224.4,7862.2
USGS_15672,WestVirginia_Boone,5.37,8.24,21.54,64.85,1.22,1168.3,266.7,7862.4
USGS_15673,Illinois_Saline,5.38,23.09,19.76,51.77,1.35,1208.3,296.8,6635.3
USGS_15674,Wyoming_Campbell,2.05,19.97,37.5,40.48,0.58,1272.9,81.2,7017.5
USGS_15675,WestVirginia_Boone,9.56,18.2,36.06,36.18,3.1,1210.4,166.1,6432.5
USGS_15676,WestVirginia_Boone,5.87,10.32,36.08,47.73,1.82,1188.8,217.4,7463.2
USGS_15677,Pennsylvania_Greene,10.13,7.86,35.19,46.82,1.18,1379.7,91.8,7254.5
USGS_15678,WestVirginia_Boone,10.43,19.89,34.07,35.61,1.19,1103.0,194.1,6227.4
USGS_15679,WestVirginia_Boone,3.73,13.96,29.45,52.86,3.46,1304.9,94.7,7451.0
USGS_15680,WestVirginia_Boone,8.4,8.74,33.41,49.45,3.24,1401.6,116.7,7374.9
USGS_15681,WestVirginia_Boone,6.46,16.95,18.92,57.67,2.28,1201.2,148.0,7053.2
USGS_15682,Kentucky_Pike,10.74,4.85,32.92,51.49,2.49,1329.3,173.5,7473.6
USGS_15683,Kentucky_Pike,3.77,10.85,36.67,48.71,2.01,1354.2,150.3,7621.6
USGS_15684,Pennsylvania_Greene,8.62,13.84,30.01,47.53,1.73,1348.9,163.0,6965.3
USGS_15685,Wyoming_Campbell,7.88,7.11,26.58,58.43,3.51,1269.4,106.6,7645.8
USGS_15686,WestVirginia_Boone,4.6,24.68,24.66,46.06,0.83,1231.7,66.1,6521.0
USGS_15687,Wyoming_Campbell,2.93,8.39,33.43,55.25,1.82,1417.7,33.7,7951.1
USGS_15688,Wyoming_Campbell,8.34,6.74,34.63,50.29,1.57,1388.2,76.8,7534.3
USGS_15689,Pennsylvania_Greene,9.26,8.27,38.9,43.57,2.09,1222.1,188.8,7262.5
USGS_15690,WestVirginia_Boone,4.81,20.15,26.22,48.82,1.96,1139.1,248.0,6861.8
USGS_15691,WestVirginia_Boone,8.27,12.94,36.47,42.32,2.16,1127.3,69.1,6998.4
USGS_15692,Illinois_Saline,5.65,15.87,31.47,47.01,0.88,1135.8,51.5,7074.3
USGS_15693,Wyoming_Campbell,8.99,4.44,39.19,47.38,2.14,1321.5,237.3,7607.8
USGS_15694,Wyoming_Campbell,3.59,4.72,30.67,61.02,1.22,1119.6,108.5,8226.5
USGS_15695,Kentucky_Pike,10.85,13.36,30.42,45.37,1.03,1228.0,295.9,6777.7
USGS_15696,Illinois_Saline,4.52,21.15,31.87,42.46,0.62,1386.2,227.2,6739.0
USGS_15697,Kentucky_Pike,5.36,22.59,35.98,36.07,2.99,1211.9,114.8,6484.7
USGS_15698,Kentucky_Pike,2.11,5.82,41.15,50.92,1.85,1390.1,104.0,8156.3
USGS_15699,Kentucky_Pike,2.67,15.31,19.77,62.25,2.53,1383.3,171.9,7559.7
USGS_15700,Pennsylvania_Greene,6.92,23.18,19.28,50.62,2.87,1193.4,43.0,6479.5
USGS_15701,Pennsylvania_Greene,4.31,12.15,40.5,43.04,2.71,1377.0,54.1,7412.4
USGS_15702,Kentucky_Pike,10.27,21.42,30.72,37.59,2.0,1384.2,71.0,6155.1
USGS_15703,Illinois_Saline,1.65,6.81,32.76,58.78,1.72,1251.0,244.7,8219.8
USGS_15704,Wyoming_Campbell,5.48,23.64,29.58,41.3,1.68,1180.0,169.0,6461.3
USGS_15705,Illinois_Saline,5.04,19.78,20.25,54.93,2.58,1298.1,23.1,6941.5
USGS_15706,WestVirginia_Boone,1.7,23.77,36.43,38.1,2.08,1450.1,215.3,6746.2
USGS_15707,Pennsylvania_Greene,2.81,18.21,35.93,43.05,3.29,1343.1,142.9,7108.2
USGS_15708,Wyoming_Campbell,5.84,11.63,25.48,57.05,3.37,1165.7,168.1,7483.3
USGS_15709,Wyoming_Campbell,6.68,23.7,25.35,44.27,0.98,1359.4,82.1,6387.0
USGS_15710,WestVirginia_Boone,5.75,9.79,38.11,46.35,0.86,1262.3,180.0,7495.3
USGS_15711,WestVirginia_Boone,7.07,10.98,19.74,62.21,2.54,1324.8,304.0,7483.8
USGS_15712,Kentucky_Pike,7.75,18.72,39.15,34.38,1.42,1378.9,41.3,6532.7
USGS_15713,Pennsylvania_Greene,1.6,20.07,24.16,54.17,0.46,1295.7,102.3,7214.2
USGS_15714,Pennsylvania_Greene,6.37,23.52,32.23,37.88,3.42,1409.3,90.5,6350.6
USGS_15715,Illinois_Saline,11.62,8.3,40.46,39.62,1.17,1374.4,92.1,7005.3
USGS_15716,Kentucky_Pike,6.95,20.76,34.27,38.02,3.56,1333.7,129.8,6499.9
USGS_15717,Kentucky_Pike,8.61,19.51,27.95,43.93,2.84,1157.3,257.3,6514.8
USGS_15718,Kentucky_Pike,4.77,5.34,34.55,55.34,2.99,1417.7,284.7,8009.8
USGS_15719,Kentucky_Pike,9.63,12.13,26.26,51.98,1.08,1455.6,78.6,7053.0
USGS_15720,Pennsylvania_Greene,9.62,9.94,24.65,55.79,1.2,1152.0,177.5,7257.2
USGS_15721,Pennsylvania_Greene,6.97,10.39,41.92,40.72,2.17,1285.5,204.7,7277.2
USGS_15722,Kentucky_Pike,11.75,24.64,36.02,27.59,0.99,1198.4,171.3,5673.0
USGS_15723,Illinois_Saline,2.82,17.5,33.47,46.21,1.44,1386.7,145.9,7196.4
USGS_15724,Wyoming_Campbell,1.68,19.07,26.53,52.72,1.49,1374.2,75.7,7261.8
USGS_15725,Wyoming_Campbell,9.59,24.51,19.18,46.72,0.94,1153.5,161.6,6102.0
USGS_15726,Illinois_Saline,9.98,11.92,18.75,59.35,1.1,1433.3,136.4,7125.7
USGS_15727,Kentucky_Pike,2.76,20.84,31.3,45.1,3.08,1168.8,250.7,6947.8
USGS_15728,Pennsylvania_Greene,4.29,13.13,36.29,46.29,0.97,1403.0,241.4,7382.6
USGS_15729,Wyoming_Campbell,1.68,22.26,30.9,45.16,0.5,1273.7,58.9,6941.4
USGS_15730,WestVirginia_Boone,4.58,7.79,38.18,49.45,2.54,1224.7,45.7,7779.5
USGS_15731,WestVirginia_Boone,9.62,23.9,18.8,47.68,3.72,1160.1,283.4,6154.8
USGS_15732,Illinois_Saline,6.94,8.59,26.8,57.67,1.53,1163.7,175.3,7612.8
USGS_15733,Kentucky_Pike,5.16,10.85,23.69,60.3,0.8,1351.5,268.8,7638.3
USGS_15734,Wyoming_Campbell,5.4,19.88,28.73,45.99,2.34,1309.2,36.9,6795.3
USGS_15735,Kentucky_Pike,1.51,12.27,19.74,66.48,3.48,1146.4,172.7,7931.4
USGS_15736,Wyoming_Campbell,4.65,16.77,40.9,37.68,3.07,1142.8,176.4,6985.5
USGS_15737,Illinois_Saline,8.29,13.34,23.36,55.01,2.52,1127.5,269.6,7120.1
USGS_15738,Illinois_Saline,11.73,19.59,40.14,28.54,1.47,1382.6,48.3,6049.8
USGS_15739,WestVirginia_Boone,10.39,8.79,28.22,52.6,2.24,1370.5,89.7,7234.0
USGS_15740,Kentucky_Pike,1.75,5.23,41.65,51.37,0.71,1122.2,137.9,8235.9
USGS_15741,WestVirginia_Boone,10.93,10.3,31.3,47.47,2.71,1312.9,271.1,7016.2
USGS_15742,Kentucky_Pike,9.72,13.96,40.34,35.98,2.87,1132.2,292.3,6721.3
USGS_15743,WestVirginia_Boone,9.69,7.53,18.13,64.65,3.68,1443.4,307.9,7530.9
USGS_15744,Pennsylvania_Greene,6.31,11.45,35.96,46.28,1.29,1444.7,298.2,7325.7
USGS_15745,Pennsylvania_Greene,5.68,12.4,39.67,42.25,0.46,1365.3,21.7,7264.4
USGS_15746,Pennsylvania_Greene,4.68,5.21,21.35,68.76,2.26,1452.0,33.8,8188.2
USGS_15747,Pennsylvania_Greene,2.19,16.25,20.31,61.25,2.8,1408.4,62.8,7522.3
USGS_15748,Wyoming_Campbell,3.9,22.57,28.19,45.34,3.09,1414.8,121.2,6725.8
USGS_15749,Pennsylvania_Greene,4.09,7.19,40.41,48.31,1.06,1316.5,260.7,7852.1
USGS_15750,Illinois_Saline,6.58,16.55,31.02,45.85,1.29,1216.3,278.9,6929.6
USGS_15751,Illinois_Saline,9.35,17.96,30.66,42.03,2.14,1182.8,74.2,6538.4
USGS_15752,Wyoming_Campbell,6.48,12.81,21.39,59.32,1.52,1224.3,199.7,7369.3
USGS_15753,Pennsylvania_Greene,2.11,18.72,18.02,61.15,3.33,1338.8,286.0,7350.3
USGS_15754,Pennsylvania_Greene,11.56,12.63,37.44,38.37,2.01,1165.6,154.5,6683.8
USGS_15755,Pennsylvania_Greene,11.4,14.6,20.1,53.9,3.12,1198.3,50.0,6742.4
USGS_15756,WestVirginia_Boone,9.74,4.15,33.21,52.9,2.37,1277.9,152.8,7628.9
USGS_15757,Kentucky_Pike,11.91,18.53,39.95,29.61,3.03,1188.6,129.0,6123.1
USGS_15758,WestVirginia_Boone,7.22,17.89,23.01,51.88,1.53,1323.7,187.5,6849.1
USGS_15759,Kentucky_Pike,11.61,4.81,33.97,49.61,3.23,1450.8,147.2,7377.3
USGS_15760,Pennsylvania_Greene,2.29,11.73,19.89,66.09,1.33,1384.3,25.0,7897.0
USGS_15761,Pennsylvania_Greene,5.34,24.56,32.49,37.61,2.26,1353.2,308.3,6363.1
USGS_15762,WestVirginia_Boone,3.87,12.84,21.93,61.36,1.13,1321.4,177.6,7621.3
USGS_15763,WestVirginia_Boone,3.56,14.54,35.66,46.24,2.02,1285.4,157.4,7344.7
USGS_15764,Kentucky_Pike,2.98,23.11,25.23,48.68,1.48,1170.9,296.8,6808.0
USGS_15765,Illinois_Saline,8.04,19.06,29.12,43.78,1.31,1440.0,65.2,6595.5
USGS_15766,Kentucky_Pike,9.7,16.22,32.39,41.69,3.69,1194.4,74.9,6628.8
USGS_15767,WestVirginia_Boone,7.57,20.75,22.11,49.57,0.94,1134.7,254.3,6584.7
USGS_15768,WestVirginia_Boone,3.04,22.15,35.8,39.01,3.08,1385.0,95.6,6755.8
USGS_15769,Wyoming_Campbell,10.02,13.59,25.26,51.13,3.75,1166.7,251.8,6903.3
USGS_15770,WestVirginia_Boone,8.18,13.98,33.9,43.94,0.47,1241.3,98.7,6950.9
USGS_15771,Wyoming_Campbell,5.58,12.11,21.8,60.51,2.78,1110.7,29.6,7513.2
USGS_15772,Illinois_Saline,8.58,24.3,34.51,32.61,1.26,1152.1,169.9,6036.7
USGS_15773,Kentucky_Pike,4.23,18.64,21.08,56.05,0.54,1165.8,77.0,7108.3
USGS_15774,Kentucky_Pike,5.12,5.75,28.21,60.92,1.77,1120.7,239.8,8016.5
USGS_15775,Wyoming_Campbell,11.13,22.12,23.93,42.82,3.58,1349.5,205.9,6091.8
USGS_15776,Kentucky_Pike,4.55,14.09,35.96,45.4,0.44,1418.1,287.8,7279.9
USGS_15777,WestVirginia_Boone,6.43,5.44,24.29,63.84,2.4,1241.9,247.1,7958.6
USGS_15778,Pennsylvania_Greene,10.85,15.54,39.16,34.45,2.1,1432.3,72.4,6489.7
USGS_15779,Wyoming_Campbell,8.93,12.76,39.4,38.91,3.37,1181.1,252.0,6912.4
USGS_15780,Kentucky_Pike,2.15,22.43,22.71,52.71,0.69,1223.6,206.1,6978.4
USGS_15781,Wyoming_Campbell,3.05,8.28,32.73,55.94,2.72,1157.3,214.0,7956.7
USGS_15782,Wyoming_Campbell,1.58,21.36,20.11,56.95,2.71,1335.8,261.4,7156.4
USGS_15783,Pennsylvania_Greene,8.12,15.71,27.4,48.77,2.67,1259.6,186.4,6889.6
USGS_15784,WestVirginia_Boone,6.2,5.15,35.12,53.53,3.6,1333.0,155.1,7876.0
USGS_15785,Wyoming_Campbell,2.91,24.41,33.83,38.85,3.2,1389.4,204.6,6602.6
USGS_15786,Kentucky_Pike,11.56,14.76,32.99,40.69,0.54,1307.4,106.4,6558.3
USGS_15787,Illinois_Saline,7.06,10.11,24.78,58.05,2.0,1338.5,73.0,7497.4
USGS_15788,Wyoming_Campbell,4.04,13.86,27.07,55.03,1.75,1455.4,198.8,7456.9
USGS_15789,Wyoming_Campbell,6.76,22.02,20.47,50.75,1.45,1213.6,87.8,6578.7
USGS_15790,Pennsylvania_Greene,8.64,10.4,35.26,45.7,1.93,1236.5,43.2,7189.3
USGS_15791,WestVirginia_Boone,2.3,8.05,30.09,59.56,1.71,1372.7,20.2,8082.7
USGS_15792,Illinois_Saline,4.38,6.71,35.01,53.9,1.87,1332.3,196.4,7928.2
USGS_15793,Kentucky_Pike,9.97,10.26,23.97,55.8,3.73,1167.8,125.0,7203.5
USGS_15794,Illinois_Saline,6.33,20.38,25.79,47.5,0.7,1242.9,238.2,6695.6
USGS_15795,Kentucky_Pike,7.24,13.9,26.02,52.84,3.54,1277.8,128.8,7146.2
USGS_15796,WestVirginia_Boone,6.04,8.78,18.62,66.56,2.03,1259.4,160.9,7785.0
USGS_15797,Kentucky_Pike,1.96,7.49,26.19,64.36,2.52,1167.7,138.1,8210.6
USGS_15798,Pennsylvania_Greene,3.24,10.99,37.28,48.49,3.22,1451.3,208.7,7655.5
USGS_15799,Pennsylvania_Greene,6.18,23.74,39.54,30.54,1.63,1389.7,123.3,6263.4
USGS_15800,Pennsylvania_Greene,3.7,11.2,30.44,54.66,1.86,1282.9,299.5,7673.9
USGS_15801,Pennsylvania_Greene,2.02,24.75,28.93,44.3,1.79,1358.4,291.5,6721.8
USGS_15802,Illinois_Saline,10.36,14.19,18.74,56.71,1.67,1441.0,265.9,6897.2
USGS_15803,WestVirginia_Boone,11.8,7.76,39.1,41.34,3.55,1151.7,286.9,7049.0
USGS_15804,Kentucky_Pike,9.83,22.71,18.31,49.15,3.22,1195.1,150.3,6239.6
USGS_15805,Kentucky_Pike,10.46,13.67,40.67,35.2,0.77,1306.2,175.6,6667.7
USGS_15806,Pennsylvania_Greene,4.04,18.9,29.74,47.32,0.77,1403.6,235.2,7001.5
USGS_15807,Pennsylvania_Greene,11.59,24.66,26.21,37.54,1.85,1113.8,221.9,5805.0
USGS_15808,Wyoming_Campbell,3.57,5.05,40.18,51.2,0.74,1473.9,278.3,8086.6
USGS_15809,WestVirginia_Boone,11.49,6.03,18.59,63.89,2.5,1272.9,227.7,7471.4
USGS_15810,Illinois_Saline,11.95,19.13,31.95,36.97,0.89,1236.5,309.4,6164.7
USGS_15811,Kentucky_Pike,8.97,9.92,31.17,49.94,2.18,1211.2,121.1,7245.7
USGS_15812,Wyoming_Campbell,11.8,7.87,23.26,57.07,0.42,1166.3,261.6,7229.8
USGS_15813,Wyoming_Campbell,7.48,4.83,28.29,59.4,1.48,1400.8,222.3,7856.8
USGS_15814,Kentucky_Pike,4.23,4.46,33.65,57.66,2.7,1463.1,220.5,8148.6
USGS_15815,Illinois_Saline,6.09,20.26,35.45,38.2,2.05,1257.2,114.5,6613.8
USGS_15816,Wyoming_Campbell,7.73,6.82,18.02,67.43,3.73,1461.9,247.8,7787.9
USGS_15817,Wyoming_Campbell,2.27,13.82,40.48,43.43,3.37,1413.0,281.1,7476.4
USGS_15818,WestVirginia_Boone,8.03,16.72,21.95,53.3,1.62,1282.8,83.4,6879.1
USGS_15819,Illinois_Saline,11.8,13.0,23.61,51.59,0.55,1356.1,201.4,6794.7
USGS_15820,Wyoming_Campbell,3.5,4.57,24.32,67.61,3.28,1265.3,133.7,8324.3
USGS_15821,Illinois_Saline,9.82,20.45,18.91,50.82,3.5,1312.3,307.0,6423.3
USGS_15822,Kentucky_Pike,11.03,4.22,20.95,63.8,3.19,1122.1,158.9,7641.1
USGS_15823,Pennsylvania_Greene,11.41,20.0,41.67,26.92,0.84,1364.6,86.2,6029.0
USGS_15824,Wyoming_Campbell,11.58,22.76,25.57,40.09,3.79,1120.1,130.7,5973.3
USGS_15825,WestVirginia_Boone,6.98,13.09,20.77,59.16,1.28,1410.5,209.6,7303.2
USGS_15826,Kentucky_Pike,11.76,15.25,20.57,52.42,2.86,1413.5,42.1,6646.2
USGS_15827,Illinois_Saline,9.45,14.02,35.27,41.26,3.49,1190.1,195.0,6804.1
USGS_15828,Kentucky_Pike,3.2,12.17,38.51,46.12,1.2,1223.0,290.1,7545.6
USGS_15829,Wyoming_Campbell,6.51,22.64,24.17,46.68,3.49,1282.9,266.6,6507.2
USGS_15830,Illinois_Saline,9.04,22.77,18.5,49.69,1.45,1326.7,39.6,6311.3
USGS_15831,Pennsylvania_Greene,4.1,11.05,23.35,61.5,3.72,1209.2,308.1,7731.6
USGS_15832,Kentucky_Pike,8.23,16.92,19.36,55.49,1.36,1325.1,222.6,6873.4
USGS_15833,Wyoming_Campbell,8.5,23.47,20.48,47.55,3.64,1213.2,67.1,6282.8
USGS_15834,WestVirginia_Boone,3.21,24.2,28.36,44.23,0.58,1121.1,23.6,6655.9
USGS_15835,Illinois_Saline,7.43,14.69,23.52,54.36,2.81,1101.0,69.7,7090.8
USGS_15836,Kentucky_Pike,9.6,13.51,30.38,46.51,2.21,1138.4,263.1,6890.6
USGS_15837,Kentucky_Pike,6.74,9.85,24.08,59.33,2.02,1401.1,26.3,7559.6
USGS_15838,Pennsylvania_Greene,1.63,24.14,40.57,33.66,1.16,1465.3,87.6,6672.4
USGS_15839,Pennsylvania_Greene,1.59,7.0,39.74,51.67,2.8,1262.2,239.6,8126.1
USGS_15840,WestVirginia_Boone,5.25,16.18,31.6,46.97,1.05,1294.8,190.0,7086.7
USGS_15841,WestVirginia_Boone,11.23,9.93,26.51,52.33,2.28,1155.8,247.0,7074.8
USGS_15842,Wyoming_Campbell,3.9,9.86,27.15,59.09,1.26,1309.4,236.4,7806.0
USGS_15843,Wyoming_Campbell,8.16,12.5,27.88,51.46,3.65,1155.0,34.7,7149.4
USGS_15844,WestVirginia_Boone,3.83,24.97,35.46,35.74,0.5,1332.3,278.8,6444.0
USGS_15845,WestVirginia_Boone,4.88,5.15,28.84,61.13,1.08,1454.6,85.8,8083.3
USGS_15846,Illinois_Saline,10.4,16.15,38.56,34.89,1.22,1174.4,180.5,6490.7
USGS_15847,Pennsylvania_Greene,9.15,5.73,40.66,44.46,1.81,1390.5,206.8,7465.8
USGS_15848,Wyoming_Campbell,2.5,7.24,26.06,64.2,1.19,1108.9,68.9,8179.1
USGS_15849,Pennsylvania_Greene,6.0,13.23,31.46,49.31,2.07,1242.7,303.1,7261.2
USGS_15850,Pennsylvania_Greene,1.81,14.72,20.28,63.19,3.37,1142.1,161.6,7689.2
USGS_15851,WestVirginia_Boone,6.55,9.43,22.81,61.21,2.82,1233.9,36.7,7629.2
USGS_15852,Illinois_Saline,8.46,10.65,27.92,52.97,2.37,1165.9,291.8,7274.4
USGS_15853,Kentucky_Pike,2.74,5.83,22.95,68.48,0.7,1241.9,190.0,8310.9
USGS_15854,Illinois_Saline,4.53,10.37,39.04,46.06,2.76,1258.7,222.8,7557.4
USGS_15855,Illinois_Saline,5.68,24.3,21.8,48.22,0.97,1214.2,172.3,6479.2
USGS_15856,Pennsylvania_Greene,11.16,23.84,28.94,36.06,3.07,1349.5,262.1,5884.2
USGS_15857,Illinois_Saline,11.93,11.03,32.54,44.5,1.25,1449.2,29.6,6840.0
USGS_15858,Wyoming_Campbell,1.97,15.99,34.6,47.44,1.82,1252.2,97.8,7394.6
USGS_15859,Pennsylvania_Greene,9.49,23.1,27.19,40.22,1.59,1173.1,156.2,6134.3
USGS_15860,Wyoming_Campbell,5.4,4.13,38.86,51.61,3.32,1202.9,42.2,7996.8
USGS_15861,Kentucky_Pike,5.62,21.02,31.64,41.72,0.83,1424.5,224.7,6642.6
USGS_15862,Pennsylvania_Greene,9.42,23.92,28.55,38.11,2.32,1317.2,134.2,6056.1
USGS_15863,Kentucky_Pike,11.14,5.92,19.61,63.33,0.88,1272.9,99.1,7503.4
USGS_15864,Pennsylvania_Greene,11.48,7.39,29.15,51.98,2.8,1156.9,21.0,7231.4
USGS_15865,WestVirginia_Boone,7.56,24.18,37.7,30.56,3.48,1270.9,228.8,6110.5
USGS_15866,Illinois_Saline,5.25,15.29,32.75,46.71,1.88,1205.8,261.8,7147.6
USGS_15867,WestVirginia_Boone,9.77,4.3,37.97,47.96,2.06,1458.4,134.6,7556.2
USGS_15868,Kentucky_Pike,4.14,9.41,29.86,56.59,3.55,1435.9,183.6,7787.2
USGS_15869,Illinois_Saline,7.42,13.45,20.84,58.29,2.17,1131.9,86.0,7228.1
USGS_15870,Pennsylvania_Greene,5.27,18.55,18.33,57.85,2.06,1296.3,200.4,7044.8
USGS_15871,Illinois_Saline,8.39,19.4,25.28,46.93,2.37,1185.5,23.5,6578.0
USGS_15872,Wyoming_Campbell,4.02,24.9,34.75,36.33,2.74,1256.1,161.7,6439.4
USGS_15873,Illinois_Saline,3.51,10.04,36.97,49.48,0.76,1433.2,206.8,7712.0
USGS_15874,Wyoming_Campbell,11.14,15.3,25.1,48.46,3.19,1300.5,286.3,6649.6
USGS_15875,Illinois_Saline,2.57,15.2,29.9,52.33,1.88,1227.0,130.6,7457.4
USGS_15876,Wyoming_Campbell,6.81,12.52,28.11,52.56,0.65,1179.0,241.9,7280.0
USGS_15877,Kentucky_Pike,3.82,7.55,27.85,60.78,3.07,1404.1,193.3,7999.6
USGS_15878,WestVirginia_Boone,1.91,24.53,23.55,50.01,1.68,1337.3,288.8,6815.9
USGS_15879,Pennsylvania_Greene,1.88,21.92,21.27,54.93,0.74,1277.9,135.5,7065.5
USGS_15880,Illinois_Saline,3.34,14.46,22.72,59.48,2.55,1182.6,112.5,7528.7
USGS_15881,WestVirginia_Boone,10.6,16.67,19.33,53.4,3.39,1227.0,277.3,6657.8
USGS_15882,Pennsylvania_Greene,4.47,8.77,22.76,64.0,3.42,1464.7,34.3,7893.2
USGS_15883,Pennsylvania_Greene,11.48,15.42,18.22,54.88,3.66,1297.6,59.6,6688.1
USGS_15884,Wyoming_Campbell,7.61,18.59,33.05,40.75,3.35,1252.3,43.9,6630.8
USGS_15885,Kentucky_Pike,6.08,14.82,25.59,53.51,0.41,1298.1,264.5,7190.0
USGS_15886,Kentucky_Pike,7.59,24.8,41.36,26.25,1.69,1396.0,23.1,6011.5
USGS_15887,WestVirginia_Boone,6.93,16.84,22.65,53.58,3.18,1229.2,269.9,6970.6
USGS_15888,Kentucky_Pike,9.47,11.79,26.3,52.44,1.65,1167.9,150.9,7097.0
USGS_15889,Illinois_Saline,4.47,20.22,26.59,48.72,2.45,1322.3,21.2,6885.4
USGS_15890,Kentucky_Pike,5.21,7.58,18.2,69.01,2.46,1352.8,136.5,7973.9
USGS_15891,WestVirginia_Boone,10.89,12.07,38.14,38.9,1.64,1370.8,74.2,6789.4
USGS_15892,Kentucky_Pike,11.44,11.29,18.77,58.5,3.48,1435.2,201.1,7032.4
USGS_15893,Illinois_Saline,10.87,13.07,40.56,35.5,2.11,1241.0,217.0,6678.4
USGS_15894,Wyoming_Campbell,5.9,20.42,39.41,34.27,1.98,1128.6,161.4,6571.8
USGS_15895,WestVirginia_Boone,9.69,14.17,30.85,45.29,3.79,1464.2,31.8,6820.5
USGS_15896,Wyoming_Campbell,6.5,20.67,31.05,41.78,2.08,1265.3,210.3,6591.1
USGS_15897,Wyoming_Campbell,6.72,16.11,33.69,43.48,1.01,1336.8,264.2,6920.5
USGS_15898,Wyoming_Campbell,3.65,11.18,27.29,57.88,2.14,1353.2,228.9,7718.4
USGS_15899,Pennsylvania_Greene,7.71,21.01,33.53,37.75,3.17,1307.7,260.7,6411.8
USGS_15900,Pennsylvania_Greene,3.45,9.0,19.07,68.48,3.04,1178.0,78.1,8020.2
USGS_15901,Wyoming_Campbell,4.98,8.71,19.3,67.01,3.08,1387.0,277.8,7888.8
USGS_15902,WestVirginia_Boone,10.48,14.59,28.97,45.96,2.81,1405.4,113.4,6728.8
USGS_15903,Illinois_Saline,3.67,9.48,31.19,55.66,1.26,1310.1,23.9,7812.4
USGS_15904,Illinois_Saline,2.25,4.19,39.31,54.25,3.33,1285.7,264.6,8301.3
USGS_15905,Kentucky_Pike,2.22,17.61,20.51,59.66,3.44,1143.3,293.1,7402.6
USGS_15906,WestVirginia_Boone,11.38,14.73,37.74,36.15,1.06,1131.9,210.1,6521.8
USGS_15907,Pennsylvania_Greene,6.82,13.36,23.04,56.78,0.84,1229.0,87.1,7269.3
USGS_15908,Wyoming_Campbell,5.8,24.31,27.46,42.43,3.72,1218.1,93.0,6398.4
USGS_15909,Kentucky_Pike,10.01,16.0,25.6,48.39,3.35,1462.4,155.3,6697.8
USGS_15910,Illinois_Saline,10.28,22.13,27.6,39.99,3.44,1397.8,280.4,6131.9
USGS_15911,Pennsylvania_Greene,4.99,6.93,21.61,66.47,3.41,1350.8,63.4,8009.6
USGS_15912,Pennsylvania_Greene,8.78,15.95,30.09,45.18,2.24,1296.7,259.5,6771.1
USGS_15913,Wyoming_Campbell,9.6,22.23,37.24,30.93,2.6,1163.6,104.5,6075.8
USGS_15914,Illinois_Saline,8.37,16.25,28.6,46.78,2.25,1471.8,254.5,6804.8
USGS_15915,WestVirginia_Boone,3.09,19.08,29.77,48.06,0.57,1242.5,286.9,7081.0
USGS_15916,Pennsylvania_Greene,10.7,11.81,38.37,39.12,2.93,1140.6,144.0,6827.5
USGS_15917,Wyoming_Campbell,7.16,5.94,34.95,51.95,2.12,1287.6,125.9,7715.6
USGS_15918,WestVirginia_Boone,4.47,13.62,29.77,52.14,2.6,1432.1,252.6,7401.7
USGS_15919,Illinois_Saline,5.96,12.28,24.18,57.58,2.11,1437.2,173.6,7432.3
USGS_15920,Pennsylvania_Greene,1.89,22.21,39.24,36.66,2.07,1104.2,218.5,6824.5
USGS_15921,WestVirginia_Boone,2.84,9.12,31.85,56.19,0.98,1436.8,200.6,7917.7
USGS_15922,WestVirginia_Boone,9.54,24.3,23.31,42.85,1.35,1203.2,64.3,6075.1
USGS_15923,WestVirginia_Boone,1.5,24.12,24.46,49.92,0.94,1114.8,265.0,6880.4
USGS_15924,Pennsylvania_Greene,5.87,9.2,37.28,47.65,1.07,1422.2,76.8,7542.8
USGS_15925,Pennsylvania_Greene,6.99,11.31,19.06,62.64,3.71,1428.3,290.4,7472.2
USGS_15926,Kentucky_Pike,2.07,22.81,41.81,33.31,0.92,1326.6,92.7,6725.2
USGS_15927,Illinois_Saline,11.72,24.3,21.13,42.85,1.32,1318.3,232.8,5883.2
USGS_15928,Wyoming_Campbell,3.87,13.31,37.11,45.71,2.41,1409.0,102.6,7399.6
USGS_15929,WestVirginia_Boone,4.69,10.74,27.47,57.1,2.47,1398.8,112.2,7649.2
USGS_15930,Kentucky_Pike,4.69,15.05,29.81,50.45,0.92,1438.2,109.9,7259.1
USGS_15931,Wyoming_Campbell,3.92,18.44,39.14,38.5,3.1,1310.0,236.9,6939.4
USGS_15932,Kentucky_Pike,1.52,9.74,27.91,60.83,3.07,1467.7,181.5,8044.9
USGS_15933,Pennsylvania_Greene,9.16,19.47,30.9,40.47,1.21,1478.5,276.1,6427.7
USGS_15934,WestVirginia_Boone,11.65,5.08,19.18,64.09,1.38,1144.3,109.1,7528.1
USGS_15935,Wyoming_Campbell,3.86,5.04,18.06,73.04,3.59,1422.8,220.7,8323.9
USGS_15936,Wyoming_Campbell,8.46,12.11,23.88,55.55,3.21,1289.9,238.4,7200.2
USGS_15937,Wyoming_Campbell,9.29,11.42,34.33,44.96,2.77,1247.3,63.9,7049.8
USGS_15938,Wyoming_Campbell,10.41,10.63,20.91,58.05,0.68,1333.0,136.2,7165.2
USGS_15939,Wyoming_Campbell,5.94,14.31,20.73,59.02,1.82,1121.3,160.0,7305.2
USGS_15940,Kentucky_Pike,4.68,10.74,27.86,56.72,2.3,1292.5,123.1,7645.5
USGS_15941,WestVirginia_Boone,4.92,8.04,33.55,53.49,1.04,1430.9,113.4,7780.0
USGS_15942,Pennsylvania_Greene,8.98,10.5,35.09,45.43,1.92,1181.1,219.1,7148.9
USGS_15943,Pennsylvania_Greene,10.08,24.47,22.28,43.17,2.44,1262.0,82.6,6019.2
USGS_15944,Pennsylvania_Greene,3.41,12.63,19.91,64.05,1.51,1457.0,225.7,7709.2
USGS_15945,Pennsylvania_Greene,5.39,13.34,40.57,40.7,3.06,1262.9,291.2,7203.6
USGS_15946,Kentucky_Pike,10.97,16.11,24.26,48.66,3.26,1236.2,183.9,6608.6
USGS_15947,Illinois_Saline,9.97,24.65,38.48,26.9,1.5,1267.4,197.3,5820.6
USGS_15948,WestVirginia_Boone,11.84,9.07,38.72,40.37,3.25,1297.4,40.0,6939.5
USGS_15949,Wyoming_Campbell,9.42,18.31,36.54,35.73,0.75,1340.2,270.7,6431.5
USGS_15950,Illinois_Saline,5.63,19.04,22.05,53.28,3.25,1404.3,102.8,6923.0
USGS_15951,Pennsylvania_Greene,7.7,16.75,37.72,37.83,0.92,1271.8,198.4,6720.4
USGS_15952,Illinois_Saline,8.44,5.86,36.46,49.24,0.68,1410.6,303.9,7576.2
USGS_15953,WestVirginia_Boone,2.32,18.21,32.32,47.15,2.58,1302.8,192.7,7200.5
USGS_15954,Wyoming_Campbell,7.22,5.35,26.09,61.34,2.0,1228.6,230.2,7865.5
USGS_15955,Wyoming_Campbell,8.95,16.52,24.3,50.23,3.49,1350.0,149.1,6775.7
USGS_15956,WestVirginia_Boone,3.26,19.53,20.93,56.28,1.63,1372.7,37.5,7132.3
USGS_15957,WestVirginia_Boone,9.7,8.43,30.23,51.64,1.38,1312.1,251.3,7309.1
USGS_15958,Pennsylvania_Greene,7.63,21.67,32.05,38.65,2.1,1121.5,30.1,6382.1
USGS_15959,Wyoming_Campbell,11.5,4.64,26.62,57.24,1.95,1164.6,223.2,7490.8
USGS_15960,Illinois_Saline,1.95,21.72,29.41,46.92,1.57,1208.4,26.6,6977.6
USGS_15961,Kentucky_Pike,4.29,13.67,26.72,55.32,2.76,1207.4,270.1,7452.1
USGS_15962,Kentucky_Pike,7.82,8.57,33.38,50.23,2.98,1355.9,65.7,7447.6
USGS_15963,WestVirginia_Boone,4.61,6.81,39.63,48.95,3.3,1107.0,169.1,7841.4
USGS_15964,Pennsylvania_Greene,9.0,24.02,21.93,45.05,3.71,1387.2,193.2,6169.2
USGS_15965,Kentucky_Pike,9.47,5.53,27.15,57.85,1.31,1200.8,152.7,7612.7
USGS_15966,Wyoming_Campbell,2.58,8.18,21.38,67.86,2.83,1217.8,118.8,8148.3
USGS_15967,WestVirginia_Boone,6.9,11.3,33.0,48.8,1.74,1300.6,155.7,7314.8
USGS_15968,Illinois_Saline,6.84,17.02,35.49,40.65,2.7,1182.1,110.3,6810.4
USGS_15969,WestVirginia_Boone,5.38,15.44,40.37,38.81,2.02,1436.1,147.1,7030.6
USGS_15970,Illinois_Saline,11.3,6.64,24.69,57.37,3.78,1132.4,124.1,7366.0
USGS_15971,WestVirginia_Boone,10.19,10.08,40.81,38.92,2.88,1268.9,184.2,6994.6
USGS_15972,WestVirginia_Boone,8.82,9.01,19.52,62.65,3.64,1422.8,89.0,7476.9
USGS_15973,WestVirginia_Boone,9.0,8.48,32.47,50.05,3.24,1334.0,306.7,7348.0
USGS_15974,Illinois_Saline,6.35,12.63,19.37,61.65,3.47,1211.1,165.3,7421.6
USGS_15975,Illinois_Saline,11.17,18.78,39.45,30.6,3.17,1259.9,76.3,6182.1
USGS_15976,WestVirginia_Boone,8.79,8.57,30.72,51.92,1.96,1368.5,158.3,7382.5
USGS_15977,Kentucky_Pike,9.15,11.7,34.06,45.09,1.26,1469.8,271.3,7043.5
USGS_15978,Pennsylvania_Greene,10.55,12.21,37.96,39.28,1.66,1439.4,26.3,6813.8
USGS_15979,Pennsylvania_Greene,4.38,24.51,21.61,49.5,0.47,1230.1,217.1,6593.8
USGS_15980,Pennsylvania_Greene,9.97,24.05,18.93,47.05,2.18,1479.3,178.9,6105.6
USGS_15981,Illinois_Saline,3.55,20.8,39.09,36.56,2.12,1101.3,69.2,6778.7
USGS_15982,Illinois_Saline,5.13,9.07,25.56,60.24,2.19,1110.5,257.1,7768.4
USGS_15983,Kentucky_Pike,5.02,5.43,21.1,68.45,3.71,1413.1,127.0,8138.7
USGS_15984,Pennsylvania_Greene,11.77,10.65,29.24,48.34,3.5,1175.8,105.2,6927.5
USGS_15985,Pennsylvania_Greene,10.49,9.6,32.36,47.55,0.95,1123.1,260.2,7106.3
USGS_15986,WestVirginia_Boone,8.86,14.62,18.74,57.78,1.65,1190.1,205.2,7011.0
USGS_15987,Illinois_Saline,9.13,20.33,24.6,45.94,1.84,1261.9,280.5,6434.1
USGS_15988,Pennsylvania_Greene,7.4,22.02,18.79,51.79,1.63,1377.6,202.7,6534.8
USGS_15989,Kentucky_Pike,11.44,21.74,28.09,38.73,3.11,1337.2,234.8,6042.8
USGS_15990,Kentucky_Pike,6.71,11.55,39.48,42.26,2.18,1190.3,262.6,7235.0
USGS_15991,Pennsylvania_Greene,5.5,18.43,41.58,34.49,2.35,1291.2,35.9,6752.9
USGS_15992,Illinois_Saline,3.21,10.57,33.29,52.93,3.3,1452.0,245.1,7741.6
USGS_15993,Kentucky_Pike,9.76,5.28,21.88,63.08,3.14,1409.7,198.0,7667.9
USGS_15994,WestVirginia_Boone,9.21,18.73,39.74,32.32,0.85,1222.8,40.2,6378.8
USGS_15995,Kentucky_Pike,5.54,4.21,30.39,59.86,2.83,1473.3,167.5,8077.7
USGS_15996,Wyoming_Campbell,1.76,12.59,21.69,63.96,1.88,1369.3,43.9,7856.2
USGS_15997,Wyoming_Campbell,10.31,10.92,40.12,38.65,1.4,1123.7,233.4,6920.3
USGS_15998,Illinois_Saline,1.62,18.56,36.18,43.64,0.57,1113.4,178.5,7194.8
USGS_15999,Pennsylvania_Greene,8.89,20.09,35.56,35.46,2.06,1164.0,296.5,6346.7
USGS_16000,Illinois_Saline,11.69,10.39,35.02,42.9,1.61,1376.6,73.1,6888.0
USGS_16001,Illinois_Saline,6.1,21.04,22.81,50.05,1.26,1169.8,195.7,6698.9
USGS_16002,Illinois_Saline,3.97,10.17,23.06,62.8,2.76,1294.4,81.4,7822.0
USGS_16003,Illinois_Saline,8.9,13.37,34.52,43.21,3.02,1135.4,198.1,6922.7
USGS_16004,WestVirginia_Boone,10.08,19.27,23.27,47.38,1.23,1449.9,229.6,6444.1
USGS_16005,WestVirginia_Boone,7.24,18.55,28.53,45.68,0.57,1230.7,229.5,6725.4
USGS_16006,Kentucky_Pike,11.65,24.73,36.77,26.85,3.29,1445.1,256.4,5666.4
USGS_16007,Wyoming_Campbell,2.04,8.73,36.81,52.42,0.43,1459.1,267.5,7971.0
USGS_16008,Illinois_Saline,6.8,17.91,28.88,46.41,3.59,1102.3,42.4,6819.0
USGS_16009,Kentucky_Pike,9.04,16.8,37.01,37.15,2.53,1276.4,119.5,6590.7
USGS_16010,Wyoming_Campbell,10.56,23.22,38.13,28.09,1.49,1109.4,219.3,5886.0
USGS_16011,Pennsylvania_Greene,3.38,7.28,33.71,55.63,1.24,1445.3,164.6,7996.0
USGS_16012,WestVirginia_Boone,9.9,19.79,23.48,46.83,0.43,1297.0,75.3,6415.9
USGS_16013,Wyoming_Campbell,7.3,15.93,24.58,52.19,1.2,1128.5,180.3,6986.9
USGS_16014,Pennsylvania_Greene,5.66,9.77,25.56,59.01,0.87,1141.9,138.2,7656.6
USGS_16015,Wyoming_Campbell,2.88,13.96,20.8,62.36,2.48,1245.7,133.1,7639.8
USGS_16016,WestVirginia_Boone,10.59,11.01,24.56,53.84,0.97,1457.3,254.8,7071.4
USGS_16017,WestVirginia_Boone,3.15,16.17,23.03,57.65,2.2,1363.3,138.2,7400.4
USGS_16018,Kentucky_Pike,4.75,22.67,28.93,43.65,2.41,1429.7,27.7,6623.6
USGS_16019,Illinois_Saline,4.55,15.96,39.8,39.69,1.41,1239.3,36.8,7076.8
USGS_16020,Wyoming_Campbell,10.65,17.27,20.51,51.57,0.52,1116.4,268.3,6588.2
USGS_16021,Wyoming_Campbell,8.56,14.89,35.29,41.26,0.53,1470.2,298.6,6819.8
USGS_16022,Pennsylvania_Greene,9.87,5.07,34.49,50.57,0.49,1106.5,219.6,7523.2
USGS_16023,WestVirginia_Boone,4.13,8.89,20.3,66.68,2.91,1460.1,125.7,7946.6
USGS_16024,Wyoming_Campbell,8.06,14.33,40.14,37.47,1.48,1240.1,292.2,6858.6
USGS_16025,WestVirginia_Boone,7.5,10.51,31.64,50.35,3.11,1103.8,212.2,7337.5
USGS_16026,Wyoming_Campbell,10.24,7.82,26.73,55.21,1.87,1361.9,264.9,7348.4
USGS_16027,Kentucky_Pike,11.01,14.59,36.16,38.24,1.94,1472.6,242.1,6589.5
USGS_16028,Illinois_Saline,1.63,10.78,24.18,63.41,2.14,1466.9,130.0,7991.3
USGS_16029,Wyoming_Campbell,8.58,9.42,34.64,47.36,2.82,1161.2,158.8,7285.0
USGS_16030,WestVirginia_Boone,2.04,13.74,18.95,65.27,1.33,1168.9,74.0,7764.4
USGS_16031,Kentucky_Pike,7.26,6.8,38.15,47.79,0.81,1314.9,104.7,7595.0
USGS_16032,Wyoming_Campbell,4.52,23.48,28.76,43.24,2.29,1342.2,245.7,6580.6
USGS_16033,Pennsylvania_Greene,4.72,22.22,33.28,39.78,1.51,1381.0,279.3,6612.2
USGS_16034,Illinois_Saline,5.21,18.86,23.31,52.62,1.9,1168.8,230.1,6965.0
USGS_16035,Wyoming_Campbell,8.02,6.23,34.25,51.5,2.6,1464.4,154.9,7613.7
USGS_16036,Kentucky_Pike,5.01,20.29,36.53,38.17,2.08,1342.7,45.1,6706.3
USGS_16037,Pennsylvania_Greene,9.19,20.97,29.36,40.48,2.51,1421.9,36.5,6317.2
USGS_16038,Kentucky_Pike,5.75,20.12,32.83,41.3,2.25,1305.2,128.6,6691.0
USGS_16039,Kentucky_Pike,2.22,6.39,28.95,62.44,2.92,1257.4,154.5,8243.8
USGS_16040,Pennsylvania_Greene,9.73,17.52,39.46,33.29,2.8,1471.3,196.6,6431.8
USGS_16041,Kentucky_Pike,4.5,21.52,29.95,44.03,2.22,1321.2,21.9,6732.9
USGS_16042,Pennsylvania_Greene,6.04,16.12,38.2,39.64,2.71,1429.4,307.0,6933.5
USGS_16043,Wyoming_Campbell,8.7,17.57,37.23,36.5,3.37,1462.3,125.5,6557.4
USGS_16044,Pennsylvania_Greene,4.99,13.63,27.85,53.53,1.87,1356.6,265.9,7371.9
USGS_16045,Pennsylvania_Greene,2.09,15.1,23.52,59.29,1.8,1308.6,175.1,7590.4
USGS_16046,Illinois_Saline,5.43,4.72,27.75,62.1,3.0,1101.3,57.8,8077.5
USGS_16047,Pennsylvania_Greene,11.42,17.42,37.83,33.33,2.38,1115.2,251.3,6290.8
USGS_16048,Pennsylvania_Greene,8.24,5.71,23.46,62.59,0.64,1176.3,225.8,7764.8
USGS_16049,Wyoming_Campbell,8.55,13.14,30.59,47.72,3.43,1170.7,173.0,7024.2
USGS_16050,Illinois_Saline,8.14,10.15,37.35,44.36,0.5,1196.8,169.2,7235.2
USGS_16051,WestVirginia_Boone,3.59,15.45,26.48,54.48,2.94,1215.9,45.4,7375.4
USGS_16052,Wyoming_Campbell,5.89,6.8,33.41,53.9,2.98,1236.8,210.2,7788.9
USGS_16053,Wyoming_Campbell,9.38,18.52,23.9,48.2,3.64,1259.8,284.3,6569.5
USGS_16054,WestVirginia_Boone,2.56,20.7,20.62,56.12,0.58,1137.6,47.0,7107.8
USGS_16055,Pennsylvania_Greene,4.42,7.43,37.07,51.08,2.43,1116.1,96.4,7839.0
USGS_16056,Kentucky_Pike,4.4,6.19,20.38,69.03,1.85,1356.1,281.7,8145.5
USGS_16057,Illinois_Saline,6.04,7.06,24.51,62.39,1.52,1304.2,102.5,7858.8
USGS_16058,Kentucky_Pike,11.79,22.42,38.52,27.27,0.71,1268.8,209.6,5825.5
USGS_16059,WestVirginia_Boone,2.21,15.09,26.32,56.38,2.31,1341.1,175.1,7545.6
USGS_16060,Wyoming_Campbell,6.95,13.81,41.35,37.89,2.03,1414.5,192.9,6998.8
USGS_16061,Wyoming_Campbell,3.38,6.24,41.51,48.87,0.76,1262.5,140.6,7989.7
USGS_16062,Illinois_Saline,11.69,17.64,24.44,46.23,2.48,1343.6,107.0,6406.0
USGS_16063,Wyoming_Campbell,2.69,22.23,18.98,56.1,2.91,1462.4,34.1,6985.9
USGS_16064,Wyoming_Campbell,5.74,21.39,34.92,37.95,3.01,1419.1,235.8,6560.2
USGS_16065,Illinois_Saline,9.25,17.15,28.82,44.78,3.48,1261.9,236.4,6638.6
USGS_16066,Illinois_Saline,8.9,5.58,20.42,65.1,1.79,1345.0,214.5,7746.2
USGS_16067,WestVirginia_Boone,5.94,6.36,34.98,52.72,3.64,1167.3,206.7,7802.0
USGS_16068,Wyoming_Campbell,5.14,5.04,18.75,71.07,3.34,1313.0,90.7,8187.6
USGS_16069,Wyoming_Campbell,5.67,9.41,38.88,46.04,1.41,1472.9,26.5,7526.0
USGS_16070,WestVirginia_Boone,4.27,6.85,21.33,67.55,0.94,1297.0,254.5,8091.6
USGS_16071,Pennsylvania_Greene,3.66,9.46,21.06,65.82,1.88,1452.5,162.4,7936.6
USGS_16072,Pennsylvania_Greene,6.57,12.09,22.22,59.12,1.77,1254.8,109.0,7410.8
USGS_16073,Pennsylvania_Greene,4.32,23.8,41.05,30.83,2.36,1479.6,49.6,6426.2
USGS_16074,WestVirginia_Boone,4.52,16.82,34.64,44.02,2.38,1320.1,38.2,7069.4
USGS_16075,Wyoming_Campbell,8.4,21.53,37.23,32.84,2.95,1116.1,121.2,6254.7
USGS_16076,WestVirginia_Boone,11.67,18.92,27.54,41.87,2.13,1323.0,253.4,6263.2
USGS_16077,WestVirginia_Boone,7.84,6.36,26.07,59.73,0.76,1204.3,286.4,7718.9
USGS_16078,Pennsylvania_Greene,2.31,19.45,23.63,54.61,3.32,1112.3,280.1,7201.6
USGS_16079,Kentucky_Pike,2.29,9.78,29.54,58.39,1.45,1411.9,286.8,7945.0
USGS_16080,Wyoming_Campbell,11.49,17.42,31.24,39.85,3.7,1204.8,283.2,6362.8
USGS_16081,Pennsylvania_Greene,4.62,11.16,33.16,51.06,0.8,1402.7,172.9,7552.6
USGS_16082,Kentucky_Pike,2.47,24.95,24.17,48.41,3.66,1209.5,83.6,6717.2
USGS_16083,Kentucky_Pike,7.79,9.53,40.77,41.91,0.71,1173.8,251.4,7281.2
USGS_16084,Illinois_Saline,8.05,9.86,22.07,60.02,1.19,1470.1,82.0,7451.9
USGS_16085,Wyoming_Campbell,8.31,23.54,41.18,26.97,0.56,1237.4,97.5,6047.5
USGS_16086,Kentucky_Pike,4.31,4.52,18.36,72.81,2.8,1328.5,87.6,8319.0
USGS_16087,Pennsylvania_Greene,1.66,18.63,29.55,50.16,3.29,1331.8,169.3,7264.5
USGS_16088,Illinois_Saline,11.63,19.23,26.0,43.14,1.88,1313.0,113.3,6259.7
USGS_16089,Wyoming_Campbell,4.13,21.56,28.78,45.53,3.56,1447.6,64.7,6780.6
USGS_16090,WestVirginia_Boone,8.6,24.46,31.7,35.24,2.41,1356.3,151.4,6055.0
USGS_16091,Pennsylvania_Greene,8.92,24.49,28.45,38.14,2.54,1253.4,273.4,6059.4
USGS_16092,Kentucky_Pike,7.91,5.37,27.96,58.76,3.27,1427.7,185.5,7772.4
USGS_16093,Kentucky_Pike,4.79,21.26,35.59,38.36,1.41,1168.8,274.7,6658.1
USGS_16094,Pennsylvania_Greene,4.35,17.57,34.46,43.62,1.6,1306.8,76.8,7025.6
USGS_16095,Kentucky_Pike,7.78,17.59,38.0,36.63,3.48,1461.2,68.4,6638.4
USGS_16096,Illinois_Saline,10.59,6.7,24.0,58.71,3.46,1337.7,186.9,7440.2
USGS_16097,Wyoming_Campbell,11.44,17.65,32.63,38.28,3.72,1410.4,154.4,6331.8
USGS_16098,Illinois_Saline,2.61,24.63,32.04,40.72,3.47,1348.4,211.5,6635.6
USGS_16099,Kentucky_Pike,3.13,23.15,26.87,46.85,0.83,1419.0,250.4,6770.0
USGS_16100,WestVirginia_Boone,11.42,13.22,29.67,45.69,3.2,1458.9,237.9,6741.5
USGS_16101,Wyoming_Campbell,9.23,4.84,25.53,60.4,1.79,1203.7,293.3,7714.1
USGS_16102,Wyoming_Campbell,10.77,11.61,21.4,56.22,3.77,1164.5,135.5,7041.0
USGS_16103,Pennsylvania_Greene,3.63,21.35,23.13,51.89,2.01,1283.9,79.9,6916.0
USGS_16104,Pennsylvania_Greene,7.67,18.73,20.53,53.07,2.28,1366.7,179.8,6763.3
USGS_16105,WestVirginia_Boone,8.86,13.65,34.39,43.1,2.2,1186.3,52.1,6904.7
USGS_16106,Wyoming_Campbell,8.64,5.16,33.86,52.34,1.49,1101.6,103.8,7646.2
USGS_16107,WestVirginia_Boone,5.79,12.96,40.81,40.44,0.66,1230.3,80.3,7192.6
USGS_16108,Pennsylvania_Greene,1.66,13.85,35.51,48.98,3.45,1468.2,135.0,7594.5
USGS_16109,Pennsylvania_Greene,7.62,23.5,19.25,49.63,3.13,1364.1,52.3,6383.0
USGS_16110,Wyoming_Campbell,4.16,17.46,39.22,39.16,0.87,1252.5,29.2,6996.7
USGS_16111,Illinois_Saline,6.23,10.54,38.7,44.53,3.04,1173.2,210.5,7377.2
USGS_16112,Kentucky_Pike,11.55,15.03,28.64,44.78,2.53,1235.3,197.0,6588.8
USGS_16113,Pennsylvania_Greene,5.69,5.39,32.06,56.86,1.79,1164.5,225.4,7943.5
USGS_16114,Pennsylvania_Greene,10.32,24.42,41.43,23.83,1.26,1140.4,211.5,5769.6
USGS_16115,Illinois_Saline,3.48,11.56,30.78,54.18,3.32,1444.6,53.1,7661.6
USGS_16116,Illinois_Saline,8.56,14.04,39.73,37.67,2.78,1479.1,104.4,6837.9
USGS_16117,WestVirginia_Boone,11.76,11.46,19.99,56.79,2.26,1162.4,57.6,6971.5
USGS_16118,WestVirginia_Boone,2.57,18.33,22.59,56.51,2.47,1120.7,264.5,7282.2
USGS_16119,Kentucky_Pike,1.59,17.91,28.58,51.92,0.71,1225.3,236.6,7343.6
USGS_16120,Kentucky_Pike,6.05,19.02,32.03,42.9,2.01,1275.4,78.4,6763.0
USGS_16121,Wyoming_Campbell,2.47,9.63,37.59,50.31,1.06,1177.8,119.0,7843.0
USGS_16122,WestVirginia_Boone,9.36,10.63,41.72,38.29,1.11,1214.5,300.3,7020.4
USGS_16123,Pennsylvania_Greene,11.1,6.63,27.33,54.94,2.65,1176.3,192.3,7355.1
USGS_16124,WestVirginia_Boone,6.06,17.77,19.14,57.03,3.5,1394.2,252.3,7021.6
USGS_16125,Pennsylvania_Greene,4.22,4.84,37.23,53.71,1.77,1370.8,96.7,8074.7
USGS_16126,Illinois_Saline,6.06,16.55,32.51,44.88,1.11,1341.3,80.9,6963.7
USGS_16127,WestVirginia_Boone,9.1,22.26,22.77,45.87,2.61,1247.1,247.3,6296.9
USGS_16128,Illinois_Saline,1.6,22.71,29.88,45.81,3.36,1445.4,218.9,6923.8
USGS_16129,Kentucky_Pike,7.69,13.43,35.82,43.06,2.94,1468.4,217.5,7023.0
USGS_16130,Kentucky_Pike,7.94,13.65,36.49,41.92,3.35,1166.0,180.3,6971.5
USGS_16131,Wyoming_Campbell,8.2,5.62,29.99,56.19,2.22,1184.7,183.4,7698.0
USGS_16132,WestVirginia_Boone,4.04,18.09,25.33,52.54,2.96,1299.7,233.4,7122.5
USGS_16133,Illinois_Saline,9.0,21.25,41.37,28.38,0.88,1134.7,98.3,6168.6
USGS_16134,Pennsylvania_Greene,2.46,9.14,33.92,54.48,1.58,1265.9,122.3,7929.2
USGS_16135,Kentucky_Pike,3.59,12.85,27.8,55.76,1.72,1321.1,272.8,7578.0
USGS_16136,Kentucky_Pike,10.71,21.62,24.73,42.94,2.14,1298.4,109.6,6166.2
USGS_16137,Pennsylvania_Greene,9.26,22.42,35.55,32.77,3.56,1225.7,178.4,6114.1
USGS_16138,Illinois_Saline,1.64,9.11,23.81,65.44,3.37,1306.1,223.8,8135.0
USGS_16139,Illinois_Saline,4.11,15.56,22.12,58.21,0.86,1464.3,310.0,7366.5
USGS_16140,WestVirginia_Boone,3.75,8.04,30.72,57.49,0.99,1178.3,146.2,7931.0
USGS_16141,WestVirginia_Boone,4.34,6.14,24.96,64.56,1.62,1348.8,144.1,8100.7
USGS_16142,Wyoming_Campbell,4.1,23.13,33.09,39.68,1.39,1116.5,264.4,6600.0
USGS_16143,Kentucky_Pike,2.16,21.23,20.83,55.78,2.49,1125.2,253.6,7100.7
USGS_16144,WestVirginia_Boone,6.32,19.96,33.72,40.0,3.47,1309.7,232.0,6636.7
USGS_16145,Illinois_Saline,9.19,5.02,24.8,60.99,3.67,1139.9,154.3,7711.7
USGS_16146,Pennsylvania_Greene,7.87,21.72,18.01,52.4,2.62,1108.5,113.9,6522.4
USGS_16147,Illinois_Saline,8.57,13.2,21.05,57.18,3.25,1165.2,196.5,7131.6
USGS_16148,Kentucky_Pike,2.35,11.19,40.41,46.05,2.19,1314.6,274.1,7690.1
USGS_16149,Illinois_Saline,11.49,15.48,38.82,34.21,1.11,1367.3,276.3,6434.8
USGS_16150,Wyoming_Campbell,10.3,5.92,23.61,60.17,2.18,1176.9,51.5,7539.4
USGS_16151,Kentucky_Pike,9.95,19.89,36.68,33.48,2.29,1353.9,144.2,6244.1
USGS_16152,Pennsylvania_Greene,10.14,16.23,32.61,41.02,2.92,1169.3,154.8,6581.4
USGS_16153,Wyoming_Campbell,11.29,7.92,41.3,39.49,1.15,1333.1,303.5,7060.1
USGS_16154,Kentucky_Pike,7.21,7.95,26.97,57.87,1.65,1256.5,216.6,7637.6
USGS_16155,Pennsylvania_Greene,3.6,7.87,34.36,54.17,1.64,1348.4,138.1,7916.6
USGS_16156,Wyoming_Campbell,7.98,5.2,19.52,67.3,3.66,1478.1,27.6,7881.0
USGS_16157,Wyoming_Campbell,9.3,16.34,27.51,46.85,1.91,1456.4,184.0,6717.3
USGS_16158,Kentucky_Pike,9.25,21.65,41.13,27.97,2.97,1101.6,47.9,6112.8
USGS_16159,WestVirginia_Boone,6.98,4.37,30.94,57.71,2.95,1436.5,262.0,7913.6
USGS_16160,Wyoming_Campbell,2.22,5.03,24.91,67.84,1.3,1125.3,238.2,8406.6
USGS_16161,Wyoming_Campbell,5.4,16.03,20.89,57.68,2.34,1462.2,153.5,7212.8
USGS_16162,Pennsylvania_Greene,11.17,21.21,34.88,32.74,3.44,1207.1,144.5,6032.8
USGS_16163,Illinois_Saline,7.64,10.86,33.48,48.02,2.02,1245.2,280.2,7272.0
USGS_16164,Kentucky_Pike,7.15,11.34,26.97,54.54,3.61,1134.8,103.7,7358.8
USGS_16165,Kentucky_Pike,4.32,16.52,40.82,38.34,1.13,1142.7,92.2,7040.5
USGS_16166,WestVirginia_Boone,5.37,9.76,18.53,66.34,0.65,1376.2,292.4,7770.8
USGS_16167,WestVirginia_Boone,10.9,4.56,25.29,59.25,3.43,1458.8,254.7,7573.5
USGS_16168,Kentucky_Pike,8.5,19.44,40.11,31.95,3.28,1332.1,258.0,6385.7
USGS_16169,WestVirginia_Boone,9.77,17.14,25.7,47.39,3.77,1372.0,76.6,6624.8
USGS_16170,Pennsylvania_Greene,6.27,16.2,24.05,53.48,2.71,1389.5,61.6,7073.6
USGS_16171,Kentucky_Pike,8.12,19.58,30.82,41.48,3.58,1199.9,27.5,6523.4
USGS_16172,WestVirginia_Boone,4.11,18.18,37.77,39.94,3.21,1117.2,88.7,6958.6
USGS_16173,Kentucky_Pike,8.91,8.32,20.48,62.29,3.27,1100.7,244.5,7514.4
USGS_16174,Illinois_Saline,5.99,11.4,40.63,41.98,2.34,1233.2,89.6,7305.8
USGS_16175,Wyoming_Campbell,6.15,6.65,37.08,50.12,1.7,1191.8,231.4,7731.4
USGS_16176,Kentucky_Pike,8.32,6.73,22.35,62.6,3.58,1123.7,93.1,7684.5
USGS_16177,Wyoming_Campbell,11.33,18.2,35.09,35.38,1.87,1168.2,134.6,6267.1
USGS_16178,WestVirginia_Boone,2.17,22.03,27.24,48.56,2.23,1147.3,305.1,6955.6
USGS_16179,Wyoming_Campbell,10.16,24.22,27.66,37.96,1.92,1447.7,91.0,5967.6
USGS_16180,Kentucky_Pike,4.57,17.2,36.8,41.43,2.32,1153.3,129.1,7006.6
USGS_16181,Illinois_Saline,6.16,7.87,41.11,44.86,2.0,1304.3,107.3,7579.6
USGS_16182,WestVirginia_Boone,1.73,6.22,21.04,71.01,0.56,1325.4,51.8,8402.0
USGS_16183,Kentucky_Pike,4.66,21.07,28.1,46.17,3.4,1306.5,162.1,6776.9
USGS_16184,WestVirginia_Boone,6.78,16.15,29.54,47.53,1.91,1137.6,129.8,6960.9
USGS_16185,Pennsylvania_Greene,2.09,16.98,27.03,53.9,2.4,1221.1,221.5,7390.3
USGS_16186,Wyoming_Campbell,6.66,20.41,26.72,46.21,0.87,1119.5,257.1,6648.9
USGS_16187,Pennsylvania_Greene,11.23,18.77,19.25,50.75,0.41,1250.4,177.8,6419.3
USGS_16188,Kentucky_Pike,2.61,21.52,34.45,41.42,1.23,1171.7,29.3,6867.9
USGS_16189,Illinois_Saline,9.53,5.18,28.47,56.82,2.8,1313.4,199.5,7620.2
USGS_16190,WestVirginia_Boone,5.8,19.7,22.68,51.82,0.74,1363.3,36.1,6843.0
USGS_16191,Wyoming_Campbell,8.38,21.87,37.58,32.17,3.49,1302.2,198.7,6224.0
USGS_16192,WestVirginia_Boone,4.23,10.01,37.26,48.5,1.13,1265.0,218.7,7639.0
USGS_16193,Kentucky_Pike,3.17,17.45,29.67,49.71,1.1,1247.2,77.4,7211.2
USGS_16194,WestVirginia_Boone,3.18,10.6,25.16,61.06,1.02,1419.8,257.6,7839.7
USGS_16195,Wyoming_Campbell,2.24,24.12,33.31,40.33,0.45,1183.4,284.2,6700.2
USGS_16196,Kentucky_Pike,3.45,4.7,24.92,66.93,3.02,1379.0,255.8,8311.2
USGS_16197,WestVirginia_Boone,8.47,16.18,23.66,51.69,3.38,1387.8,108.5,6860.0
USGS_16198,Illinois_Saline,10.76,7.5,35.53,46.21,2.49,1259.3,190.1,7217.6
USGS_16199,Kentucky_Pike,10.05,18.96,18.97,52.02,1.04,1213.0,285.3,6524.7
USGS_16200,Kentucky_Pike,8.69,7.69,20.27,63.35,1.37,1278.8,113.0,7591.8
USGS_16201,Illinois_Saline,2.66,8.94,18.16,70.24,2.02,1135.4,257.8,8115.1
USGS_16202,Pennsylvania_Greene,4.54,14.38,21.67,59.41,3.64,1117.5,22.7,7428.0
USGS_16203,Wyoming_Campbell,4.75,23.21,19.66,52.38,1.24,1142.4,21.1,6689.4
USGS_16204,Pennsylvania_Greene,4.12,8.45,41.9,45.53,2.89,1171.1,240.3,7725.4
USGS_16205,WestVirginia_Boone,6.91,7.03,24.93,61.13,1.89,1291.6,240.8,7769.3
USGS_16206,Illinois_Saline,7.12,19.94,21.58,51.36,1.41,1422.7,248.8,6704.1
USGS_16207,Pennsylvania_Greene,5.25,14.51,23.78,56.46,1.95,1189.5,289.7,7320.8
USGS_16208,Kentucky_Pike,5.21,23.15,40.47,31.17,0.64,1455.4,54.2,6398.8
USGS_16209,WestVirginia_Boone,10.2,7.08,30.48,52.24,3.12,1462.9,87.3,7369.5
USGS_16210,WestVirginia_Boone,9.79,17.56,26.76,45.89,1.23,1464.4,282.1,6574.8
USGS_16211,Pennsylvania_Greene,4.73,8.89,38.96,47.42,2.87,1418.3,71.4,7662.7
USGS_16212,Pennsylvania_Greene,11.09,7.29,27.48,54.14,0.63,1238.3,217.8,7298.9
USGS_16213,Illinois_Saline,11.5,18.35,26.04,44.11,3.65,1127.6,173.8,6346.1
USGS_16214,Wyoming_Campbell,4.93,16.47,22.97,55.63,1.06,1316.2,44.1,7197.9
USGS_16215,Pennsylvania_Greene,5.22,19.85,27.07,47.86,3.4,1312.3,102.7,6835.8
USGS_16216,Pennsylvania_Greene,6.81,10.5,25.6,57.09,3.15,1423.0,170.9,7479.8
USGS_16217,Kentucky_Pike,11.38,13.41,34.26,40.95,3.69,1478.5,267.2,6674.4
USGS_16218,WestVirginia_Boone,10.7,12.51,24.95,51.84,2.02,1293.1,225.2,6929.8
USGS_16219,Wyoming_Campbell,2.58,24.67,31.85,40.9,2.87,1231.2,200.3,6637.5
USGS_16220,Kentucky_Pike,5.62,10.14,19.58,64.66,1.66,1170.6,163.8,7701.3
USGS_16221,Illinois_Saline,7.31,10.19,22.59,59.91,1.03,1101.8,106.6,7492.0
USGS_16222,Illinois_Saline,6.78,11.45,27.78,53.99,1.91,1293.5,54.6,7376.8
USGS_16223,Pennsylvania_Greene,3.54,15.86,40.49,40.11,0.96,1311.1,138.6,7177.9
USGS_16224,Pennsylvania_Greene,10.52,9.3,27.05,53.13,3.74,1413.5,28.3,7192.2
USGS_16225,Illinois_Saline,8.61,23.22,33.94,34.23,0.73,1291.7,81.2,6131.2
USGS_16226,Pennsylvania_Greene,10.3,9.58,24.12,56.0,2.4,1448.3,145.4,7225.8
USGS_16227,Wyoming_Campbell,10.52,22.81,21.05,45.62,2.53,1338.7,141.4,6129.4
USGS_16228,Pennsylvania_Greene,9.36,6.17,19.4,65.07,2.23,1419.3,32.8,7662.9
USGS_16229,WestVirginia_Boone,6.11,17.79,25.33,50.77,2.65,1156.4,190.8,6940.7
USGS_16230,Pennsylvania_Greene,7.91,23.05,21.78,47.26,0.8,1425.0,179.4,6361.4
USGS_16231,Kentucky_Pike,3.18,7.54,22.18,67.1,2.29,1356.6,42.7,8132.5
USGS_16232,Wyoming_Campbell,8.57,24.33,36.26,30.84,1.38,1164.7,293.5,6014.2
USGS_16233,Kentucky_Pike,3.38,13.51,18.38,64.73,3.6,1172.1,48.8,7656.6
USGS_16234,Kentucky_Pike,8.79,23.86,31.39,35.96,2.99,1452.1,267.9,6090.1
USGS_16235,WestVirginia_Boone,3.91,18.21,27.11,50.77,3.71,1112.2,20.1,7104.0
USGS_16236,Wyoming_Campbell,2.73,10.33,30.16,56.78,0.53,1275.8,275.9,7847.4
USGS_16237,Wyoming_Campbell,3.24,7.95,31.51,57.3,1.37,1219.1,25.7,7980.1
USGS_16238,Wyoming_Campbell,1.52,10.38,25.52,62.58,1.06,1352.7,239.8,8019.8
USGS_16239,Wyoming_Campbell,9.05,5.95,25.08,59.92,0.44,1419.1,124.9,7644.2
USGS_16240,Wyoming_Campbell,9.19,7.02,35.6,48.19,1.22,1236.9,234.1,7414.1
USGS_16241,WestVirginia_Boone,6.91,6.2,38.91,47.98,2.71,1262.2,136.5,7671.3
USGS_16242,Pennsylvania_Greene,3.19,12.88,22.62,61.31,1.19,1473.1,40.6,7677.6
USGS_16243,Kentucky_Pike,2.38,20.71,20.34,56.57,2.13,1397.9,242.6,7128.3
USGS_16244,Wyoming_Campbell,1.7,6.97,39.55,51.78,3.42,1440.9,40.7,8119.9
USGS_16245,Pennsylvania_Greene,3.24,6.74,26.4,63.62,2.76,1266.7,287.4,8143.0
USGS_16246,Pennsylvania_Greene,10.85,17.51,31.23,40.41,1.74,1188.9,34.8,6419.4
USGS_16247,Kentucky_Pike,4.04,8.14,26.63,61.19,1.67,1256.5,159.0,7942.7
USGS_16248,WestVirginia_Boone,5.22,6.05,21.02,67.71,1.95,1372.1,229.7,8067.6
USGS_16249,Illinois_Saline,2.61,7.5,32.14,57.75,1.0,1141.6,134.0,8073.3
USGS_16250,Illinois_Saline,3.83,23.4,30.6,42.17,2.56,1202.8,83.0,6634.2
USGS_16251,Pennsylvania_Greene,6.95,21.25,22.87,48.93,1.64,1117.7,240.1,6595.6
USGS_16252,Kentucky_Pike,7.88,11.44,28.84,51.84,3.3,1264.3,247.4,7255.0
USGS_16253,Illinois_Saline,4.08,17.77,37.13,41.02,2.97,1414.4,287.6,7003.8
USGS_16254,Pennsylvania_Greene,2.11,15.28,32.17,50.44,2.48,1109.4,129.1,7469.4
USGS_16255,WestVirginia_Boone,5.61,18.22,20.33,55.84,1.64,1356.6,166.8,7014.6
USGS_16256,Illinois_Saline,3.96,18.34,31.15,46.55,1.11,1454.3,125.3,7039.6
USGS_16257,Pennsylvania_Greene,3.81,17.2,34.87,44.12,3.04,1190.0,94.6,7105.8
USGS_16258,Pennsylvania_Greene,11.58,9.59,37.02,41.81,2.05,1363.6,237.8,6942.2
USGS_16259,Wyoming_Campbell,7.97,4.82,33.1,54.11,1.16,1470.5,118.5,7750.9
USGS_16260,WestVirginia_Boone,7.35,13.57,21.66,57.42,1.06,1465.7,144.2,7215.2
USGS_16261,Wyoming_Campbell,5.87,22.71,35.04,36.38,0.96,1189.3,137.1,6434.9
USGS_16262,Kentucky_Pike,6.0,15.96,34.26,43.78,3.04,1138.1,226.7,6998.2
USGS_16263,Wyoming_Campbell,7.18,21.48,18.59,52.75,1.18,1156.3,286.2,6604.6
USGS_16264,Wyoming_Campbell,8.81,24.82,27.88,38.49,2.19,1366.8,213.4,6049.6
USGS_16265,Illinois_Saline,8.87,7.44,25.99,57.7,1.94,1375.8,156.8,7526.2
USGS_16266,Pennsylvania_Greene,3.3,18.53,34.07,44.1,2.37,1356.2,246.0,7054.6
USGS_16267,WestVirginia_Boone,6.75,18.16,23.19,51.9,3.38,1227.7,205.9,6871.3
USGS_16268,Wyoming_Campbell,5.83,24.58,32.18,37.41,3.35,1164.5,37.6,6316.1
USGS_16269,WestVirginia_Boone,10.64,24.7,39.92,24.74,1.93,1320.7,47.7,5732.2
USGS_16270,Wyoming_Campbell,8.13,18.42,37.15,36.3,0.45,1283.8,31.0,6543.9
USGS_16271,Kentucky_Pike,7.09,9.12,40.11,43.68,1.85,1377.0,152.5,7393.6
USGS_16272,Wyoming_Campbell,2.71,20.77,41.48,35.04,2.46,1267.7,259.5,6836.6
USGS_16273,Illinois_Saline,7.86,6.25,18.26,67.63,2.3,1228.7,110.8,7819.9
USGS_16274,Pennsylvania_Greene,2.73,20.39,32.95,43.93,2.61,1211.5,131.4,6968.8
USGS_16275,Kentucky_Pike,5.04,23.11,27.91,43.94,0.92,1180.4,283.7,6569.8
USGS_16276,Wyoming_Campbell,3.0,12.04,38.64,46.32,2.6,1201.0,262.7,7575.0
USGS_16277,WestVirginia_Boone,8.77,17.24,24.04,49.95,1.02,1136.0,212.9,6736.4
USGS_16278,Kentucky_Pike,3.67,13.03,41.54,41.76,2.95,1231.8,97.4,7390.0
USGS_16279,Kentucky_Pike,5.61,13.19,32.73,48.47,1.55,1113.9,53.9,7288.3
USGS_16280,Wyoming_Campbell,10.9,10.52,37.04,41.54,2.81,1170.8,24.7,6931.8
USGS_16281,Kentucky_Pike,3.65,20.0,20.05,56.3,0.56,1383.8,51.0,7064.4
USGS_16282,WestVirginia_Boone,6.83,23.66,22.4,47.11,1.79,1223.7,104.9,6410.8
USGS_16283,Kentucky_Pike,5.9,23.76,36.2,34.14,2.8,1353.9,180.0,6329.8
USGS_16284,WestVirginia_Boone,1.69,7.67,18.53,72.11,1.17,1372.4,38.6,8314.4
USGS_16285,Wyoming_Campbell,9.82,22.37,37.61,30.2,3.1,1320.9,59.5,6037.6
USGS_16286,Pennsylvania_Greene,2.22,19.49,18.33,59.96,2.54,1464.3,72.5,7270.9
USGS_16287,Kentucky_Pike,6.48,9.31,33.77,50.44,2.4,1108.1,203.3,7514.7
USGS_16288,Pennsylvania_Greene,7.39,5.41,26.76,60.44,1.6,1380.7,198.6,7835.4
USGS_16289,WestVirginia_Boone,8.1,9.63,32.68,49.59,2.04,1464.3,179.7,7338.9
USGS_16290,Kentucky_Pike,8.73,23.16,34.7,33.41,2.43,1427.7,92.6,6115.2
USGS_16291,Illinois_Saline,4.16,17.3,26.22,52.32,2.01,1163.8,127.6,7166.2
USGS_16292,Pennsylvania_Greene,1.6,19.14,20.59,58.67,2.77,1224.2,48.0,7335.2
USGS_16293,Kentucky_Pike,9.1,9.4,19.67,61.83,1.87,1165.5,85.7,7414.4
USGS_16294,Pennsylvania_Greene,7.12,19.11,32.13,41.64,1.09,1328.5,280.3,6647.2
USGS_16295,Kentucky_Pike,10.28,4.59,30.5,54.63,1.13,1370.6,304.1,7570.4
USGS_16296,Wyoming_Campbell,10.12,11.88,35.81,42.19,0.42,1220.5,207.8,6910.4
USGS_16297,Pennsylvania_Greene,10.35,17.16,30.23,42.26,1.42,1305.0,285.9,6510.8
USGS_16298,Illinois_Saline,6.59,7.07,28.14,58.2,2.95,1362.5,206.4,7759.4
USGS_16299,Illinois_Saline,5.0,21.28,27.55,46.17,3.1,1260.1,29.6,6731.9
USGS_16300,WestVirginia_Boone,9.81,8.94,18.63,62.62,1.09,1424.5,309.1,7394.5
USGS_16301,Kentucky_Pike,6.24,17.7,26.05,50.01,3.66,1393.2,48.7,6926.6
USGS_16302,Pennsylvania_Greene,3.43,12.51,41.42,42.64,2.11,1124.6,218.0,7459.1
USGS_16303,WestVirginia_Boone,10.48,16.52,38.97,34.03,3.52,1336.0,93.3,6446.7
USGS_16304,Pennsylvania_Greene,10.77,6.26,25.91,57.06,2.8,1189.4,133.7,7436.2
USGS_16305,Kentucky_Pike,6.4,4.36,32.11,57.13,2.86,1311.9,207.3,7958.4
USGS_16306,Illinois_Saline,2.29,23.1,38.34,36.27,0.69,1463.6,146.6,6720.5
USGS_16307,Wyoming_Campbell,5.57,9.66,28.59,56.18,1.15,1434.0,92.7,7638.5
USGS_16308,Illinois_Saline,9.94,21.21,18.43,50.42,0.43,1253.7,117.0,6353.2
USGS_16309,WestVirginia_Boone,10.97,24.99,19.79,44.25,2.83,1210.8,119.0,5916.4
USGS_16310,Wyoming_Campbell,3.64,8.44,30.25,57.67,1.57,1189.1,298.2,7914.0
USGS_16311,WestVirginia_Boone,2.2,9.57,41.27,46.96,3.07,1302.4,251.6,7830.9
USGS_16312,Kentucky_Pike,10.71,17.92,34.64,36.73,1.55,1143.4,153.0,6358.0
USGS_16313,Wyoming_Campbell,5.59,24.27,19.7,50.44,3.19,1308.7,77.9,6515.9
USGS_16314,WestVirginia_Boone,7.19,23.23,22.54,47.04,0.84,1100.5,255.2,6409.2
USGS_16315,Kentucky_Pike,11.66,14.56,36.51,37.27,0.99,1223.1,65.6,6522.8
USGS_16316,Illinois_Saline,2.2,20.7,38.19,38.91,1.56,1183.6,81.0,6932.9
USGS_16317,Kentucky_Pike,8.31,6.85,32.82,52.02,1.79,1469.1,126.1,7549.8
USGS_16318,Pennsylvania_Greene,2.28,24.53,33.47,39.72,1.59,1376.4,275.3,6659.8
USGS_16319,Kentucky_Pike,5.44,24.25,18.68,51.63,3.0,1232.9,58.2,6544.8
USGS_16320,Kentucky_Pike,9.94,7.44,37.88,44.74,0.73,1135.3,55.4,7276.5
USGS_16321,Pennsylvania_Greene,6.05,10.29,36.92,46.74,1.59,1296.4,163.3,7437.6
USGS_16322,WestVirginia_Boone,11.97,6.1,24.22,57.71,3.25,1181.1,100.2,7350.0
USGS_16323,WestVirginia_Boone,7.37,9.71,35.01,47.91,0.63,1303.8,184.9,7377.2
USGS_16324,Kentucky_Pike,4.87,21.14,23.16,50.83,3.6,1417.4,151.0,6809.3
USGS_16325,Pennsylvania_Greene,3.81,11.94,18.97,65.28,3.75,1334.0,146.1,7738.4
USGS_16326,Pennsylvania_Greene,5.18,5.86,22.83,66.13,0.7,1340.8,52.5,8065.8
USGS_16327,Illinois_Saline,5.41,11.19,22.29,61.11,1.39,1305.6,60.9,7601.6
USGS_16328,WestVirginia_Boone,2.22,24.61,26.11,47.06,1.67,1452.4,258.1,6747.4
USGS_16329,Wyoming_Campbell,5.38,17.22,28.04,49.36,3.04,1454.1,276.9,7029.0
USGS_16330,WestVirginia_Boone,6.37,12.74,30.2,50.69,2.43,1294.8,88.1,7280.4
USGS_16331,WestVirginia_Boone,9.09,7.5,29.44,53.97,2.59,1216.2,52.9,7457.7
USGS_16332,Illinois_Saline,8.4,24.71,24.5,42.39,2.98,1274.6,35.5,6140.4
USGS_16333,Wyoming_Campbell,8.94,21.24,18.7,51.12,0.8,1170.9,196.4,6447.4
USGS_16334,Illinois_Saline,1.59,9.91,32.52,55.98,3.23,1341.8,227.5,7968.3
USGS_16335,Wyoming_Campbell,3.79,5.47,27.5,63.24,2.8,1290.0,128.1,8181.5
USGS_16336,Kentucky_Pike,8.45,5.19,25.17,61.19,2.36,1139.3,217.1,7767.0
USGS_16337,Wyoming_Campbell,6.58,6.53,38.81,48.08,3.43,1175.1,226.8,7677.8
USGS_16338,Illinois_Saline,1.56,16.2,35.92,46.32,2.78,1282.3,291.2,7402.2
USGS_16339,WestVirginia_Boone,9.95,23.5,38.59,27.96,1.09,1437.3,38.8,5917.9
USGS_16340,Wyoming_Campbell,9.61,14.43,29.88,46.08,1.86,1315.2,75.8,6818.3
USGS_16341,Wyoming_Campbell,7.26,21.7,21.14,49.9,2.08,1359.0,39.9,6547.5
USGS_16342,Pennsylvania_Greene,2.2,13.36,34.71,49.73,0.59,1228.8,271.7,7591.2
USGS_16343,WestVirginia_Boone,9.55,18.88,22.95,48.62,3.65,1317.1,249.9,6533.7
USGS_16344,Kentucky_Pike,7.63,19.37,28.59,44.41,0.84,1270.0,186.6,6616.8
USGS_16345,Illinois_Saline,9.71,7.65,19.56,63.08,2.77,1350.5,44.3,7501.7
USGS_16346,Kentucky_Pike,9.39,11.59,37.81,41.21,2.12,1119.2,99.3,6983.7
USGS_16347,WestVirginia_Boone,9.93,17.38,21.02,51.67,0.49,1287.5,106.3,6644.8
USGS_16348,Wyoming_Campbell,6.94,5.48,39.67,47.91,3.54,1212.5,182.6,7719.6
USGS_16349,Wyoming_Campbell,2.97,11.59,38.74,46.7,3.3,1224.0,94.8,7614.6
USGS_16350,WestVirginia_Boone,8.55,15.23,29.15,47.07,2.18,1465.1,41.2,6865.9
USGS_16351,Wyoming_Campbell,8.01,24.92,35.86,31.21,1.18,1169.4,231.9,6025.4
USGS_16352,Wyoming_Campbell,9.29,13.97,32.87,43.87,0.81,1218.3,106.7,6853.1
USGS_16353,Wyoming_Campbell,3.28,21.14,37.27,38.31,1.64,1293.8,151.2,6799.0
USGS_16354,Illinois_Saline,3.55,13.07,28.36,55.02,1.27,1428.0,57.0,7556.8
USGS_16355,Illinois_Saline,10.85,20.72,36.86,31.57,2.12,1258.3,252.7,6082.2
USGS_16356,Pennsylvania_Greene,9.37,16.5,29.1,45.03,3.69,1382.7,184.0,6677.8
USGS_16357,Kentucky_Pike,11.04,22.62,40.58,25.76,2.35,1425.4,281.5,5859.0
USGS_16358,WestVirginia_Boone,9.47,12.63,29.67,48.23,3.43,1217.8,163.7,6986.0
USGS_16359,WestVirginia_Boone,7.77,16.69,29.1,46.44,2.61,1249.2,293.0,6821.8
USGS_16360,WestVirginia_Boone,8.37,17.23,36.84,37.56,2.02,1235.5,278.6,6623.6
USGS_16361,Pennsylvania_Greene,10.84,12.77,37.72,38.67,3.31,1416.5,187.2,6740.7
USGS_16362,Illinois_Saline,7.58,7.03,31.31,54.08,2.0,1116.9,290.8,7625.8
USGS_16363,Pennsylvania_Greene,8.14,5.96,22.32,63.58,3.35,1217.2,113.7,7767.5
USGS_16364,WestVirginia_Boone,3.14,4.35,29.23,63.28,1.39,1358.2,126.0,8319.8
USGS_16365,Kentucky_Pike,6.48,22.34,41.23,29.95,0.84,1314.9,33.2,6330.7
USGS_16366,Wyoming_Campbell,9.02,8.97,36.07,45.94,3.31,1265.8,190.9,7261.7
USGS_16367,Illinois_Saline,4.34,8.44,37.47,49.75,2.4,1305.2,229.4,7757.4
USGS_16368,Illinois_Saline,3.62,19.46,18.79,58.13,3.42,1175.1,244.3,7127.9
USGS_16369,Pennsylvania_Greene,4.8,10.72,29.23,55.25,3.59,1263.7,63.4,7618.8
USGS_16370,Illinois_Saline,4.04,14.63,33.52,47.81,0.58,1290.6,148.8,7314.8
USGS_16371,WestVirginia_Boone,3.76,7.41,37.92,50.91,2.1,1442.5,71.3,7896.5
USGS_16372,WestVirginia_Boone,5.96,24.15,19.18,50.71,1.67,1199.1,212.0,6495.2
USGS_16373,Pennsylvania_Greene,11.03,21.88,38.46,28.63,2.53,1429.8,65.8,5947.6
USGS_16374,WestVirginia_Boone,6.82,22.14,31.16,39.88,3.1,1344.8,282.2,6434.3
USGS_16375,Kentucky_Pike,3.47,12.54,22.74,61.25,1.35,1107.7,86.9,7676.8
USGS_16376,Pennsylvania_Greene,2.31,20.01,25.61,52.07,2.29,1375.4,104.5,7130.8
USGS_16377,Kentucky_Pike,8.81,7.02,24.77,59.4,2.81,1113.5,266.8,7582.1
USGS_16378,Wyoming_Campbell,5.52,4.18,30.74,59.56,0.86,1479.0,153.0,8078.0
USGS_16379,Kentucky_Pike,10.13,4.42,19.24,66.21,3.17,1431.6,27.0,7734.8
USGS_16380,Wyoming_Campbell,8.42,16.32,21.8,53.46,2.46,1213.0,163.4,6875.5
USGS_16381,Wyoming_Campbell,9.86,13.56,37.5,39.08,3.63,1197.8,44.5,6775.0
USGS_16382,Kentucky_Pike,4.36,14.88,21.18,59.58,1.55,1244.9,305.7,7409.9
USGS_16383,Pennsylvania_Greene,8.77,4.16,23.6,63.47,0.77,1235.3,190.6,7840.4
USGS_16384,WestVirginia_Boone,4.27,12.88,28.88,53.97,2.12,1241.5,94.4,7494.5
USGS_16385,WestVirginia_Boone,11.36,19.08,30.41,39.15,0.69,1220.9,183.5,6246.4
USGS_16386,Wyoming_Campbell,8.18,13.3,36.33,42.19,3.7,1336.0,42.3,6978.8
USGS_16387,Wyoming_Campbell,4.91,19.38,28.74,46.97,0.53,1162.4,252.0,6886.2
USGS_16388,Pennsylvania_Greene,4.33,8.89,36.96,49.82,2.96,1421.5,288.3,7726.7
USGS_16389,Illinois_Saline,3.5,21.08,32.84,42.58,2.19,1408.7,273.6,6835.2
USGS_16390,Kentucky_Pike,8.79,16.36,20.71,54.14,1.65,1281.1,119.1,6848.2
USGS_16391,Wyoming_Campbell,3.8,8.43,21.75,66.02,0.62,1424.0,114.5,8000.9
USGS_16392,WestVirginia_Boone,7.75,8.97,28.49,54.79,2.52,1193.9,30.2,7479.6
USGS_16393,Pennsylvania_Greene,4.28,17.19,27.53,51.0,2.39,1106.7,208.9,7147.7
USGS_16394,Kentucky_Pike,8.45,21.43,35.85,34.27,1.36,1335.3,175.1,6274.7
USGS_16395,Pennsylvania_Greene,10.06,12.73,31.94,45.27,3.49,1274.0,153.2,6891.4
USGS_16396,Kentucky_Pike,9.67,9.42,27.32,53.59,1.43,1315.5,283.2,7263.9
USGS_16397,Kentucky_Pike,9.49,22.21,22.1,46.2,1.93,1441.7,68.7,6270.2
USGS_16398,Wyoming_Campbell,3.47,18.05,23.44,55.04,2.25,1468.6,22.8,7205.5
USGS_16399,Pennsylvania_Greene,2.43,13.41,31.81,52.35,0.74,1341.1,41.3,7598.8
USGS_16400,Pennsylvania_Greene,8.84,14.25,28.16,48.75,3.57,1390.3,84.8,6931.1
USGS_16401,WestVirginia_Boone,5.37,8.29,30.36,55.98,1.67,1131.8,29.7,7752.3
USGS_16402,WestVirginia_Boone,6.04,17.16,22.1,54.7,0.67,1161.1,165.8,7039.4
USGS_16403,Wyoming_Campbell,1.83,11.53,33.91,52.73,1.72,1378.6,111.1,7791.6
USGS_16404,Wyoming_Campbell,4.23,24.91,38.46,32.4,2.44,1263.9,72.3,6373.0
USGS_16405,Illinois_Saline,1.85,14.08,24.19,59.88,2.15,1269.5,237.5,7692.0
USGS_16406,WestVirginia_Boone,10.73,14.2,29.8,45.27,2.76,1217.3,79.3,6726.6
USGS_16407,Kentucky_Pike,4.06,15.88,41.41,38.65,0.59,1330.8,219.4,7113.2
USGS_16408,Pennsylvania_Greene,7.35,23.25,26.0,43.4,1.37,1170.4,121.3,6350.0
USGS_16409,Wyoming_Campbell,1.91,20.82,32.28,44.99,3.19,1338.2,168.4,7022.8
USGS_16410,Pennsylvania_Greene,8.5,13.47,20.16,57.87,0.67,1166.0,290.8,7126.6
USGS_16411,Pennsylvania_Greene,4.89,19.09,32.54,43.48,3.31,1124.3,30.8,6867.0
USGS_16412,Illinois_Saline,10.93,16.31,20.15,52.61,0.71,1225.5,165.1,6645.2
USGS_16413,WestVirginia_Boone,10.83,14.34,41.02,33.81,3.24,1187.8,267.8,6570.2
USGS_16414,Wyoming_Campbell,4.92,8.04,35.18,51.86,1.63,1437.8,190.5,7760.5
USGS_16415,Pennsylvania_Greene,10.96,13.74,36.92,38.38,2.48,1120.9,100.3,6656.8
USGS_16416,Wyoming_Campbell,11.96,9.16,34.9,43.98,0.92,1167.1,135.3,6965.8
USGS_16417,Kentucky_Pike,10.17,23.21,32.15,34.47,0.62,1308.5,217.3,5997.6
USGS_16418,Illinois_Saline,10.37,11.04,28.8,49.79,1.13,1282.8,278.3,7040.0
USGS_16419,Kentucky_Pike,4.11,24.0,38.6,33.29,0.83,1117.4,31.9,6459.8
USGS_16420,Wyoming_Campbell,7.56,15.19,40.96,36.29,1.46,1102.8,40.7,6826.5
USGS_16421,Wyoming_Campbell,2.21,17.26,29.98,50.55,2.15,1475.5,114.3,7319.4
USGS_16422,WestVirginia_Boone,2.5,15.4,40.36,41.74,2.4,1350.4,87.5,7322.1
USGS_16423,Pennsylvania_Greene,11.99,6.72,32.0,49.29,3.09,1238.9,96.8,7202.5
USGS_16424,Pennsylvania_Greene,4.93,11.89,30.92,52.26,2.63,1278.8,84.2,7487.2
USGS_16425,Kentucky_Pike,9.36,6.08,28.91,55.65,2.47,1201.3,76.8,7556.4
USGS_16426,Illinois_Saline,9.97,17.08,23.02,49.93,1.8,1231.1,57.9,6642.0
USGS_16427,Pennsylvania_Greene,10.51,13.38,18.09,58.02,2.01,1346.6,290.8,6958.0
USGS_16428,WestVirginia_Boone,11.98,20.34,23.8,43.88,1.81,1435.5,61.8,6157.8
USGS_16429,Kentucky_Pike,4.04,8.63,30.23,57.1,3.26,1170.0,79.3,7858.3
USGS_16430,Kentucky_Pike,1.92,7.46,27.12,63.5,1.18,1419.3,91.4,8205.9
USGS_16431,WestVirginia_Boone,5.82,12.53,28.76,52.89,0.42,1146.2,290.6,7370.4
USGS_16432,Illinois_Saline,2.87,23.46,41.54,32.13,2.61,1181.7,239.2,6593.9
USGS_16433,WestVirginia_Boone,1.74,18.92,26.41,52.93,1.09,1114.1,249.0,7269.8
USGS_16434,Illinois_Saline,5.28,12.8,28.85,53.07,3.43,1153.5,50.4,7400.6
USGS_16435,WestVirginia_Boone,9.73,14.86,21.2,54.21,3.32,1448.6,262.5,6874.4
USGS_16436,WestVirginia_Boone,7.44,5.77,19.15,67.64,0.66,1274.6,138.4,7891.5
USGS_16437,Wyoming_Campbell,4.78,24.68,36.61,33.93,0.76,1129.5,96.2,6359.6
USGS_16438,Kentucky_Pike,8.37,17.99,31.7,41.94,2.08,1464.7,187.0,6621.4
USGS_16439,WestVirginia_Boone,3.94,9.99,36.26,49.81,2.47,1434.0,258.4,7681.7
USGS_16440,WestVirginia_Boone,1.65,16.3,21.6,60.45,1.33,1386.8,245.8,7556.6
USGS_16441,Pennsylvania_Greene,9.53,6.3,31.72,52.45,2.84,1454.7,278.1,7487.2
USGS_16442,Kentucky_Pike,8.05,24.28,24.09,43.58,2.42,1183.6,289.2,6216.4
USGS_16443,Pennsylvania_Greene,9.5,7.67,23.47,59.36,1.5,1417.8,89.1,7474.1
USGS_16444,Kentucky_Pike,1.91,17.61,18.28,62.2,0.49,1362.2,142.9,7460.4
USGS_16445,Pennsylvania_Greene,10.29,9.15,21.13,59.43,2.95,1430.5,24.2,7298.8
USGS_16446,WestVirginia_Boone,8.01,19.07,25.42,47.5,1.13,1402.8,275.0,6642.1
USGS_16447,WestVirginia_Boone,7.42,20.31,20.81,51.46,3.24,1231.7,64.8,6652.2
USGS_16448,Wyoming_Campbell,8.06,18.14,41.66,32.14,1.83,1394.3,269.8,6520.3
USGS_16449,Pennsylvania_Greene,10.58,16.9,25.41,47.11,2.36,1199.7,115.5,6567.5
USGS_16450,Illinois_Saline,7.66,22.74,21.13,48.47,3.37,1224.9,126.8,6420.3
USGS_16451,Wyoming_Campbell,7.6,5.65,22.78,63.97,3.34,1141.0,31.3,7842.0
USGS_16452,Pennsylvania_Greene,11.9,10.95,32.1,45.05,1.66,1455.3,114.8,6855.0
USGS_16453,Pennsylvania_Greene,9.45,9.21,19.54,61.8,1.11,1210.6,277.6,7396.9
USGS_16454,Wyoming_Campbell,6.14,24.75,38.7,30.41,3.04,1297.8,27.4,6192.6
USGS_16455,WestVirginia_Boone,8.93,12.18,41.08,37.81,1.87,1248.7,137.8,6940.9
USGS_16456,Pennsylvania_Greene,5.59,19.38,23.92,51.11,1.05,1464.8,29.1,6876.0
USGS_16457,WestVirginia_Boone,3.9,18.38,28.8,48.92,3.48,1227.3,127.6,7070.5
USGS_16458,Wyoming_Campbell,7.77,8.45,18.53,65.25,1.07,1395.8,70.1,7640.8
USGS_16459,WestVirginia_Boone,11.25,9.02,33.38,46.35,0.49,1425.1,93.1,7066.8
USGS_16460,Kentucky_Pike,11.26,9.91,27.93,50.9,0.47,1265.5,274.5,7056.4
USGS_16461,Illinois_Saline,5.09,12.63,24.48,57.8,2.52,1243.7,146.5,7486.3
USGS_16462,Pennsylvania_Greene,7.04,8.92,22.96,61.08,2.65,1384.1,99.4,7621.2
USGS_16463,Illinois_Saline,3.72,4.41,33.7,58.17,1.46,1446.9,190.9,8203.2
USGS_16464,WestVirginia_Boone,11.95,22.47,27.99,37.59,1.49,1386.9,61.2,5931.6
USGS_16465,Pennsylvania_Greene,11.8,24.28,22.31,41.61,1.55,1186.3,95.2,5862.8
USGS_16466,WestVirginia_Boone,8.32,11.17,34.54,45.97,2.71,1437.6,178.4,7165.2
USGS_16467,Kentucky_Pike,9.95,11.11,31.56,47.38,0.6,1247.3,88.9,7043.0
USGS_16468,Wyoming_Campbell,9.01,4.15,38.61,48.23,3.56,1319.0,216.9,7637.1
USGS_16469,Pennsylvania_Greene,7.73,18.29,20.82,53.16,1.16,1415.9,162.5,6790.8
USGS_16470,Kentucky_Pike,2.06,21.33,36.86,39.75,3.8,1171.6,243.9,6910.0
USGS_16471,Kentucky_Pike,6.28,7.08,34.16,52.48,0.98,1398.1,295.0,7717.4
USGS_16472,Pennsylvania_Greene,8.59,7.35,20.76,63.3,3.02,1326.5,53.6,7624.5
USGS_16473,WestVirginia_Boone,8.61,20.59,34.68,36.12,1.16,1439.5,117.1,6343.3
USGS_16474,Kentucky_Pike,5.42,16.94,28.6,49.04,0.67,1165.3,112.7,7041.8
USGS_16475,Illinois_Saline,11.39,4.94,40.68,42.99,3.37,1259.9,63.8,7307.9
USGS_16476,Kentucky_Pike,3.26,17.07,21.4,58.27,3.32,1416.5,255.0,7333.3
USGS_16477,WestVirginia_Boone,6.75,10.49,33.43,49.33,1.77,1107.3,240.4,7392.7
USGS_16478,WestVirginia_Boone,8.75,11.74,27.17,52.34,2.79,1142.6,160.5,7162.8
USGS_16479,Illinois_Saline,8.82,20.16,40.96,30.06,2.29,1476.4,176.0,6283.0
USGS_16480,Kentucky_Pike,8.31,21.03,25.92,44.74,3.3,1206.5,37.3,6441.4
USGS_16481,WestVirginia_Boone,4.39,12.41,41.09,42.11,1.47,1470.7,181.1,7375.5
USGS_16482,Pennsylvania_Greene,3.14,23.89,39.64,33.33,2.18,1169.4,249.5,6553.6
USGS_16483,Wyoming_Campbell,8.18,12.54,24.49,54.79,2.05,1237.2,186.4,7184.8
USGS_16484,Wyoming_Campbell,7.79,20.21,37.29,34.71,1.6,1386.1,96.9,6425.9
USGS_16485,Wyoming_Campbell,3.38,14.16,41.89,40.57,3.43,1350.0,213.6,7319.9
USGS_16486,Kentucky_Pike,8.9,22.85,24.06,44.19,0.96,1320.8,124.8,6251.9
USGS_16487,Illinois_Saline,6.28,23.06,28.48,42.18,0.91,1301.4,178.0,6443.2
USGS_16488,WestVirginia_Boone,8.51,5.84,30.48,55.17,2.36,1420.5,161.4,7642.7
USGS_16489,Pennsylvania_Greene,10.29,23.67,25.08,40.96,2.64,1189.3,130.5,6031.8
USGS_16490,Pennsylvania_Greene,3.28,21.34,18.37,57.01,1.06,1268.1,228.5,7009.0
USGS_16491,Kentucky_Pike,1.7,20.62,23.28,54.4,1.73,1159.1,276.3,7168.6
USGS_16492,Wyoming_Campbell,9.68,8.22,24.77,57.33,3.62,1326.5,21.5,7394.3
USGS_16493,Kentucky_Pike,7.9,20.91,28.65,42.54,1.24,1195.2,290.7,6459.8
USGS_16494,Illinois_Saline,8.85,21.85,22.11,47.19,2.67,1226.9,168.3,6364.3
USGS_16495,Illinois_Saline,10.3,10.07,38.96,40.67,2.92,1279.1,223.2,7006.6
USGS_16496,WestVirginia_Boone,9.93,24.0,34.92,31.15,1.92,1110.2,268.1,5922.0
USGS_16497,WestVirginia_Boone,11.59,5.05,20.04,63.32,3.59,1134.9,155.5,7526.3
USGS_16498,Illinois_Saline,7.13,7.15,33.6,52.12,2.9,1360.7,262.1,7633.2
USGS_16499,Illinois_Saline,6.63,15.29,33.69,44.39,1.96,1263.0,71.5,6998.4
USGS_16500,Illinois_Saline,5.72,16.09,40.95,37.24,2.34,1428.6,66.2,6935.0
USGS_16501,Kentucky_Pike,3.11,17.55,18.07,61.27,2.75,1364.0,210.7,7348.0
USGS_16502,Illinois_Saline,7.51,4.36,23.95,64.18,2.41,1103.1,272.3,7945.4
USGS_16503,Pennsylvania_Greene,4.41,24.17,40.27,31.15,3.39,1334.4,278.8,6395.5
USGS_16504,Wyoming_Campbell,11.17,4.94,40.37,43.52,1.61,1135.6,206.7,7333.6
USGS_16505,Illinois_Saline,7.62,7.0,35.29,50.09,1.42,1396.8,172.4,7576.5
USGS_16506,Wyoming_Campbell,7.72,4.29,36.38,51.61,1.13,1476.8,116.1,7781.1
USGS_16507,Kentucky_Pike,5.23,15.9,20.2,58.67,0.53,1301.9,304.2,7249.0
USGS_16508,Wyoming_Campbell,2.05,23.58,30.33,44.04,0.55,1359.5,112.7,6800.3
USGS_16509,Kentucky_Pike,1.83,17.98,23.56,56.63,3.36,1190.2,235.8,7374.0
USGS_16510,Pennsylvania_Greene,5.95,21.28,22.35,50.42,2.71,1266.3,174.3,6699.3
USGS_16511,Kentucky_Pike,2.39,4.28,37.45,55.88,2.65,1425.3,196.5,8302.1
USGS_16512,Kentucky_Pike,7.87,15.38,21.24,55.51,2.49,1163.6,134.1,7016.2
USGS_16513,WestVirginia_Boone,10.75,13.65,29.25,46.35,3.29,1200.9,299.8,6777.4
USGS_16514,Illinois_Saline,10.77,14.48,40.53,34.22,2.03,1269.3,185.8,6570.3
USGS_16515,Illinois_Saline,8.42,5.52,22.46,63.6,3.36,1370.7,292.0,7774.8
USGS_16516,Pennsylvania_Greene,3.72,18.37,41.47,36.44,1.62,1242.8,22.2,6937.3
USGS_16517,Pennsylvania_Greene,10.56,14.57,41.86,33.01,3.55,1452.5,186.1,6567.8
USGS_16518,Illinois_Saline,10.8,20.07,31.33,37.8,2.78,1135.9,228.0,6208.2
USGS_16519,WestVirginia_Boone,3.56,14.19,22.08,60.17,1.27,1240.9,236.1,7537.1
USGS_16520,Illinois_Saline,9.24,7.14,25.59,58.03,2.32,1369.4,282.4,7519.2
USGS_16521,WestVirginia_Boone,4.51,17.61,28.19,49.69,2.21,1185.9,21.3,7081.5
USGS_16522,Pennsylvania_Greene,9.93,7.62,25.42,57.03,0.87,1349.4,20.1,7411.9
USGS_16523,Wyoming_Campbell,11.97,22.32,24.74,40.97,2.41,1162.4,157.0,5981.2
USGS_16524,Pennsylvania_Greene,1.82,16.88,41.33,39.97,1.47,1121.3,28.5,7254.1
USGS_16525,Pennsylvania_Greene,10.92,7.3,21.68,60.1,0.58,1146.0,302.6,7384.6
USGS_16526,Kentucky_Pike,8.04,24.21,35.6,32.15,3.63,1453.4,84.4,6085.2
USGS_16527,Kentucky_Pike,11.72,14.89,18.01,55.38,2.58,1309.7,157.1,6711.1
USGS_16528,Kentucky_Pike,6.38,5.53,32.31,55.78,3.38,1402.6,37.7,7859.8
USGS_16529,Kentucky_Pike,10.4,17.16,39.98,32.46,2.7,1226.4,171.4,6388.8
USGS_16530,WestVirginia_Boone,2.16,9.32,24.91,63.61,1.61,1325.2,130.2,8052.2
USGS_16531,Illinois_Saline,5.02,20.88,22.45,51.65,2.14,1288.1,33.0,6824.7
USGS_16532,Wyoming_Campbell,2.2,21.17,33.64,42.99,2.7,1459.4,117.2,6948.0
USGS_16533,Pennsylvania_Greene,11.74,24.56,35.1,28.6,3.66,1384.1,133.5,5691.8
USGS_16534,WestVirginia_Boone,10.08,14.54,34.51,40.87,1.26,1377.6,307.1,6706.5
USGS_16535,Wyoming_Campbell,10.45,13.55,25.66,50.34,3.37,1117.6,80.3,6858.9
USGS_16536,WestVirginia_Boone,11.35,19.82,24.05,44.78,3.54,1308.9,178.0,6261.5
USGS_16537,WestVirginia_Boone,2.39,6.78,40.94,49.89,2.68,1277.5,306.3,8050.2
USGS_16538,Pennsylvania_Greene,5.55,15.49,40.16,38.8,3.57,1452.6,249.7,7011.9
USGS_16539,Illinois_Saline,2.25,15.47,28.98,53.3,1.75,1197.8,308.1,7477.8
USGS_16540,Kentucky_Pike,3.71,5.88,38.31,52.1,3.64,1202.5,300.8,8025.4
USGS_16541,Illinois_Saline,3.91,12.78,28.86,54.45,2.79,1256.3,162.0,7539.2
USGS_16542,Pennsylvania_Greene,6.43,21.92,28.19,43.46,0.54,1192.5,221.9,6527.4
USGS_16543,Pennsylvania_Greene,4.32,21.98,21.76,51.94,3.48,1149.1,52.0,6810.6
USGS_16544,Pennsylvania_Greene,2.56,6.08,28.23,63.13,2.05,1425.8,147.9,8244.5
USGS_16545,Wyoming_Campbell,3.26,5.91,30.9,59.93,1.97,1312.1,254.6,8156.8
USGS_16546,Illinois_Saline,3.05,9.52,18.54,68.89,2.33,1427.3,166.5,8022.8
USGS_16547,Illinois_Saline,11.72,22.37,28.66,37.25,0.91,1415.8,223.8,5955.0
USGS_16548,WestVirginia_Boone,9.47,6.71,36.75,47.07,2.0,1207.2,236.3,7398.4
USGS_16549,WestVirginia_Boone,11.66,19.12,34.32,34.9,3.23,1308.1,93.5,6166.1
USGS_16550,WestVirginia_Boone,6.12,6.12,33.24,54.52,0.45,1131.6,274.0,7825.0
USGS_16551,Pennsylvania_Greene,4.42,17.09,39.83,38.66,1.33,1447.8,153.3,6994.5
USGS_16552,Illinois_Saline,9.88,11.48,18.43,60.21,0.41,1253.6,81.0,7176.5
USGS_16553,Pennsylvania_Greene,4.93,20.57,31.37,43.13,1.81,1249.6,271.0,6752.7
USGS_16554,Wyoming_Campbell,4.64,8.91,36.9,49.55,2.88,1215.0,141.2,7694.8
USGS_16555,WestVirginia_Boone,3.94,17.42,30.99,47.65,3.12,1275.1,237.6,7120.8
USGS_16556,Pennsylvania_Greene,2.86,8.95,25.77,62.42,3.61,1195.7,178.9,8003.0
USGS_16557,Pennsylvania_Greene,4.19,18.99,21.27,55.55,2.47,1242.4,130.7,7080.6
USGS_16558,Wyoming_Campbell,5.23,22.35,39.3,33.12,1.27,1404.0,254.9,6478.0
USGS_16559,Kentucky_Pike,8.58,6.66,29.3,55.46,3.54,1417.0,189.5,7581.0
USGS_16560,Illinois_Saline,2.16,22.2,39.07,36.57,3.04,1215.6,133.3,6800.4
USGS_16561,Kentucky_Pike,3.71,16.47,32.06,47.76,2.35,1278.2,51.8,7210.8
USGS_16562,WestVirginia_Boone,9.99,6.67,34.18,49.16,2.77,1432.1,279.7,7380.6
USGS_16563,Pennsylvania_Greene,3.04,12.98,37.3,46.68,3.54,1120.0,30.3,7508.1
USGS_16564,Wyoming_Campbell,5.1,7.38,33.82,53.7,2.82,1437.9,270.3,7814.2
USGS_16565,Wyoming_Campbell,10.58,18.71,27.55,43.16,1.65,1183.3,124.4,6389.8
USGS_16566,Illinois_Saline,3.13,19.94,30.33,46.6,2.82,1357.8,205.4,6998.1
USGS_16567,Kentucky_Pike,2.37,6.22,37.27,54.14,0.54,1321.4,287.4,8143.3
USGS_16568,Illinois_Saline,6.59,14.63,26.97,51.81,1.71,1310.1,64.0,7138.4
USGS_16569,Pennsylvania_Greene,4.68,21.11,27.31,46.9,1.78,1426.6,184.4,6781.0
USGS_16570,Illinois_Saline,7.42,23.66,20.3,48.62,0.97,1138.6,241.7,6377.0
USGS_16571,Wyoming_Campbell,9.94,14.78,39.95,35.33,0.48,1231.9,239.7,6635.1
USGS_16572,Wyoming_Campbell,2.94,23.96,20.18,52.92,0.85,1304.5,172.4,6801.2
USGS_16573,WestVirginia_Boone,7.6,15.25,33.56,43.59,2.63,1408.3,201.2,6906.3
USGS_16574,WestVirginia_Boone,6.81,12.28,27.92,52.99,3.13,1182.2,239.7,7302.4
USGS_16575,Pennsylvania_Greene,3.01,21.81,27.73,47.45,3.76,1405.1,263.9,6884.2
USGS_16576,Kentucky_Pike,8.05,14.35,34.31,43.29,1.58,1251.9,240.9,6927.9
USGS_16577,Illinois_Saline,4.37,13.91,19.61,62.11,2.44,1171.8,122.7,7509.2
USGS_16578,Pennsylvania_Greene,6.62,14.3,32.25,46.83,3.59,1388.4,309.1,7099.8
USGS_16579,WestVirginia_Boone,2.36,21.78,36.53,39.33,0.97,1134.5,146.0,6846.1
USGS_16580,Illinois_Saline,6.33,21.47,37.88,34.32,2.84,1295.6,27.1,6459.0
USGS_16581,WestVirginia_Boone,4.72,12.47,22.09,60.72,2.97,1124.3,125.2,7565.4
USGS_16582,Illinois_Saline,10.14,11.0,39.54,39.32,0.7,1235.4,57.1,6937.5
USGS_16583,Kentucky_Pike,2.1,14.33,33.75,49.82,3.33,1328.4,55.2,7531.3
USGS_16584,Pennsylvania_Greene,5.9,16.03,39.16,38.91,3.16,1311.3,101.6,6943.6
USGS_16585,Illinois_Saline,6.31,9.01,29.65,55.03,0.51,1253.8,35.5,7606.4
USGS_16586,Wyoming_Campbell,9.11,20.67,31.01,39.21,0.71,1263.0,219.7,6330.6
USGS_16587,Wyoming_Campbell,7.53,14.22,40.06,38.19,0.57,1186.2,41.5,6921.8
USGS_16588,Illinois_Saline,8.51,11.01,39.6,40.88,1.54,1273.2,79.0,7099.0
USGS_16589,Illinois_Saline,9.66,6.24,28.76,55.34,2.13,1462.2,46.9,7514.7
USGS_16590,Illinois_Saline,10.55,9.02,24.59,55.84,2.21,1423.2,38.3,7242.2
USGS_16591,Wyoming_Campbell,4.8,23.93,27.44,43.83,1.31,1155.2,97.6,6530.6
USGS_16592,Wyoming_Campbell,7.15,10.41,27.31,55.13,3.5,1111.3,185.9,7432.8
USGS_16593,Illinois_Saline,10.32,7.55,24.88,57.25,1.65,1454.7,299.8,7385.2
USGS_16594,WestVirginia_Boone,11.89,13.67,24.45,49.99,0.55,1300.2,273.9,6719.3
USGS_16595,WestVirginia_Boone,10.84,10.45,38.67,40.04,1.42,1304.4,274.0,6924.2
USGS_16596,Kentucky_Pike,5.4,4.74,19.68,70.18,2.21,1396.7,71.1,8175.7
USGS_16597,Pennsylvania_Greene,3.55,10.79,34.26,51.4,1.79,1219.6,96.8,7677.5
USGS_16598,WestVirginia_Boone,6.64,15.43,22.15,55.78,1.33,1283.1,42.2,7124.1
USGS_16599,Wyoming_Campbell,9.29,15.59,26.27,48.85,0.85,1468.1,245.8,6796.2
USGS_16600,WestVirginia_Boone,6.67,11.49,19.48,62.36,3.19,1355.4,40.2,7484.1
USGS_16601,Kentucky_Pike,6.57,13.39,24.48,55.56,3.79,1158.4,181.4,7274.5
USGS_16602,Kentucky_Pike,10.3,24.28,36.44,28.98,1.52,1150.6,91.9,5843.2
USGS_16603,Pennsylvania_Greene,5.29,11.92,39.24,43.55,1.7,1177.6,90.6,7348.8
USGS_16604,WestVirginia_Boone,10.53,9.42,23.32,56.73,2.5,1391.4,307.3,7225.9
USGS_16605,Wyoming_Campbell,5.77,9.11,29.13,55.99,2.84,1212.2,239.5,7658.2
USGS_16606,Wyoming_Campbell,4.95,13.61,29.29,52.15,1.73,1108.1,262.7,7360.3
USGS_16607,Illinois_Saline,6.27,19.95,38.97,34.81,3.48,1458.8,185.9,6579.6
USGS_16608,Wyoming_Campbell,9.51,8.33,36.31,45.85,2.3,1164.5,272.6,7263.6
USGS_16609,Pennsylvania_Greene,2.82,18.9,30.31,47.97,1.93,1103.6,207.2,7116.7
USGS_16610,Pennsylvania_Greene,3.56,4.44,34.1,57.9,2.6,1190.1,294.4,8211.8
USGS_16611,Wyoming_Campbell,11.49,12.8,38.34,37.37,3.64,1189.3,101.6,6665.7
USGS_16612,Wyoming_Campbell,3.34,20.29,18.23,58.14,3.1,1260.4,192.6,7092.9
USGS_16613,Illinois_Saline,7.46,11.11,27.67,53.76,0.54,1449.7,220.1,7338.7
USGS_16614,Wyoming_Campbell,7.58,15.84,39.77,36.81,1.53,1434.1,134.0,6784.2
USGS_16615,Illinois_Saline,6.64,8.3,35.77,49.29,2.0,1273.6,275.1,7559.6
USGS_16616,Illinois_Saline,8.27,19.58,31.03,41.12,1.47,1256.1,304.1,6505.9
USGS_16617,Wyoming_Campbell,3.91,5.1,30.71,60.28,2.78,1310.9,163.2,8162.1
USGS_16618,Kentucky_Pike,7.3,21.9,26.35,44.45,3.21,1192.5,133.3,6464.2
USGS_16619,Kentucky_Pike,5.41,8.16,30.49,55.94,2.89,1119.8,156.9,7757.7
USGS_16620,Illinois_Saline,8.45,22.36,33.73,35.46,3.76,1456.9,267.3,6222.0
USGS_16621,Wyoming_Campbell,2.98,11.4,28.04,57.58,1.33,1170.9,207.2,7757.9
USGS_16622,Kentucky_Pike,7.49,19.18,35.14,38.19,3.37,1175.4,33.0,6568.2
USGS_16623,Wyoming_Campbell,3.45,10.7,38.67,47.18,3.01,1279.5,177.2,7642.2
USGS_16624,Wyoming_Campbell,4.43,23.02,21.71,50.84,1.63,1286.8,25.0,6712.8
USGS_16625,Wyoming_Campbell,3.8,6.66,28.84,60.7,2.9,1107.0,245.8,8064.5
USGS_16626,WestVirginia_Boone,3.42,7.75,27.79,61.04,0.75,1156.2,115.2,8023.5
USGS_16627,Wyoming_Campbell,10.17,14.35,34.5,40.98,3.08,1243.7,156.9,6713.6
USGS_16628,WestVirginia_Boone,4.5,5.72,24.0,65.78,2.21,1359.8,251.6,8131.5
USGS_16629,Illinois_Saline,11.23,8.12,33.37,47.28,1.39,1186.8,33.5,7144.5
USGS_16630,Kentucky_Pike,11.68,23.82,39.06,25.44,2.63,1260.7,66.0,5712.4
USGS_16631,Kentucky_Pike,7.5,24.51,28.04,39.95,2.58,1311.8,135.4,6204.7
USGS_16632,Kentucky_Pike,3.0,11.9,39.86,45.24,1.11,1437.7,86.7,7572.1
USGS_16633,Kentucky_Pike,5.43,23.39,41.84,29.34,0.5,1223.9,118.0,6340.2
USGS_16634,Kentucky_Pike,9.88,15.44,20.55,54.13,1.87,1150.8,309.5,6818.4
USGS_16635,Kentucky_Pike,5.36,9.66,23.59,61.39,2.34,1285.9,259.4,7719.5
USGS_16636,Kentucky_Pike,2.41,18.75,40.81,38.03,3.38,1383.8,276.3,7044.3
USGS_16637,Illinois_Saline,7.35,17.84,41.0,33.81,3.56,1141.7,291.7,6624.4
USGS_16638,Wyoming_Campbell,10.37,24.77,20.34,44.52,2.2,1261.4,118.9,5988.2
USGS_16639,Pennsylvania_Greene,9.86,9.57,18.36,62.21,2.96,1106.8,106.2,7339.8
USGS_16640,WestVirginia_Boone,3.34,18.11,21.87,56.68,1.89,1112.8,87.9,7232.3
USGS_16641,Pennsylvania_Greene,8.56,5.09,41.9,44.45,2.94,1283.5,260.7,7563.6
USGS_16642,Pennsylvania_Greene,3.82,6.39,22.32,67.47,1.1,1213.3,217.1,8163.4
USGS_16643,Wyoming_Campbell,3.79,4.08,30.06,62.07,1.66,1421.1,88.5,8267.6
USGS_16644,Wyoming_Campbell,10.68,24.99,38.36,25.97,2.56,1328.8,129.3,5722.5
USGS_16645,Wyoming_Campbell,4.12,20.85,18.49,56.54,0.46,1272.5,166.9,6964.7
USGS_16646,Kentucky_Pike,4.26,20.52,32.51,42.71,2.86,1255.0,173.2,6810.2
USGS_16647,Illinois_Saline,1.51,14.7,24.65,59.14,3.24,1289.0,277.7,7668.4
USGS_16648,Kentucky_Pike,10.64,10.3,38.7,40.36,1.76,1115.4,130.4,6956.4
USGS_16649,Illinois_Saline,9.82,7.18,24.8,58.2,1.92,1439.3,283.5,7467.3
USGS_16650,Illinois_Saline,8.09,9.98,34.48,47.45,3.29,1479.4,148.0,7288.9
USGS_16651,Pennsylvania_Greene,9.38,11.9,34.18,44.54,3.04,1169.0,236.4,7002.2
USGS_16652,Pennsylvania_Greene,3.1,19.88,23.32,53.7,1.38,1145.7,289.8,7090.2
USGS_16653,Illinois_Saline,6.31,15.33,18.84,59.52,1.5,1154.6,283.2,7205.2
USGS_16654,Illinois_Saline,5.19,5.63,27.82,61.36,2.71,1351.2,36.5,8024.2
USGS_16655,Kentucky_Pike,2.48,4.38,24.94,68.2,2.31,1351.3,79.7,8434.8
USGS_16656,Kentucky_Pike,6.6,6.15,37.42,49.83,0.95,1422.2,158.3,7724.4
USGS_16657,Pennsylvania_Greene,11.17,12.62,37.21,39.0,1.45,1385.7,145.2,6726.4
USGS_16658,Wyoming_Campbell,1.92,23.6,28.97,45.51,3.46,1270.9,205.9,6828.0
USGS_16659,Illinois_Saline,4.56,17.39,32.56,45.49,2.74,1332.9,294.0,7042.5
USGS_16660,Kentucky_Pike,3.68,20.84,32.5,42.98,3.75,1361.5,52.6,6841.4
USGS_16661,Pennsylvania_Greene,4.0,13.79,37.85,44.36,3.01,1294.8,151.0,7337.4
USGS_16662,Kentucky_Pike,11.04,11.59,28.2,49.17,3.6,1280.7,75.8,6934.0
USGS_16663,Illinois_Saline,6.41,6.28,24.61,62.7,1.14,1345.1,279.3,7886.2
USGS_16664,Illinois_Saline,6.4,22.39,24.36,46.85,3.02,1311.8,299.7,6536.9
USGS_16665,WestVirginia_Boone,9.49,20.45,30.87,39.19,0.47,1344.7,158.8,6312.8
USGS_16666,Wyoming_Campbell,3.12,7.53,28.78,60.57,2.68,1332.9,50.2,8060.1
USGS_16667,WestVirginia_Boone,6.62,14.76,28.56,50.06,2.0,1373.3,247.7,7105.4
USGS_16668,Pennsylvania_Greene,6.01,14.23,20.19,59.57,1.58,1344.3,222.2,7311.4
USGS_16669,Kentucky_Pike,7.77,17.13,35.25,39.85,3.33,1297.5,122.9,6711.1
USGS_16670,Pennsylvania_Greene,12.0,23.87,23.13,41.0,3.3,1359.1,277.3,5867.4
USGS_16671,Illinois_Saline,9.58,16.18,22.73,51.51,0.48,1270.8,303.0,6760.1
USGS_16672,WestVirginia_Boone,5.68,15.34,27.91,51.07,2.47,1191.8,181.8,7158.5
USGS_16673,WestVirginia_Boone,10.19,5.06,23.47,61.28,1.65,1100.5,184.1,7624.3
USGS_16674,WestVirginia_Boone,3.29,5.32,32.01,59.38,1.81,1312.8,106.3,8190.0
USGS_16675,Pennsylvania_Greene,1.82,7.93,26.92,63.33,3.23,1324.4,189.5,8178.8
USGS_16676,Illinois_Saline,3.65,4.68,28.77,62.9,1.45,1469.4,147.5,8246.6
USGS_16677,Kentucky_Pike,5.07,19.61,30.89,44.43,3.61,1237.4,107.6,6825.1
USGS_16678,Kentucky_Pike,6.86,19.19,22.88,51.07,1.01,1249.8,39.5,6777.5
USGS_16679,Pennsylvania_Greene,7.96,6.86,21.74,63.44,2.65,1176.7,93.3,7716.9
USGS_16680,WestVirginia_Boone,11.06,21.56,39.13,28.25,2.69,1126.8,77.4,5963.4
USGS_16681,Wyoming_Campbell,6.85,7.25,28.41,57.49,1.26,1393.7,177.2,7715.1
USGS_16682,Pennsylvania_Greene,6.76,10.32,27.89,55.03,1.5,1194.9,194.5,7472.4
USGS_16683,Pennsylvania_Greene,2.03,9.23,18.85,69.89,3.24,1331.4,196.5,8145.5
USGS_16684,Illinois_Saline,1.87,11.82,29.95,56.36,2.99,1361.4,132.6,7810.7
USGS_16685,Kentucky_Pike,7.29,9.35,31.3,52.06,1.52,1279.1,142.2,7460.0
USGS_16686,Pennsylvania_Greene,6.1,14.27,31.41,48.22,2.22,1433.0,261.9,7164.4
USGS_16687,Pennsylvania_Greene,10.31,12.56,34.97,42.16,0.61,1268.6,158.1,6844.3
USGS_16688,WestVirginia_Boone,3.19,24.72,22.26,49.83,1.11,1208.3,306.5,6687.4
USGS_16689,WestVirginia_Boone,1.76,5.17,24.05,69.02,2.05,1440.5,147.5,8451.1
USGS_16690,Wyoming_Campbell,6.21,6.99,37.46,49.34,0.69,1427.4,208.4,7692.3
USGS_16691,Illinois_Saline,3.99,5.11,40.73,50.17,3.27,1162.3,34.6,8033.0
USGS_16692,Wyoming_Campbell,2.02,17.14,21.26,59.58,2.84,1109.9,209.5,7453.1
USGS_16693,WestVirginia_Boone,9.11,5.14,29.94,55.81,3.61,1134.2,266.9,7648.0
USGS_16694,Kentucky_Pike,2.67,21.57,23.14,52.62,2.76,1208.9,293.3,6993.4
USGS_16695,WestVirginia_Boone,7.89,14.75,19.44,57.92,3.6,1469.5,309.2,7088.7
USGS_16696,Illinois_Saline,4.45,15.07,25.81,54.67,2.29,1312.2,101.8,7329.4
USGS_16697,WestVirginia_Boone,3.32,15.79,21.45,59.44,2.44,1241.8,186.9,7434.2
USGS_16698,Illinois_Saline,5.49,7.59,35.04,51.88,3.72,1437.7,150.7,7743.0
USGS_16699,Illinois_Saline,9.92,8.15,30.81,51.12,2.58,1272.2,183.5,7303.7
USGS_16700,Illinois_Saline,5.62,10.7,21.45,62.23,0.5,1219.8,65.7,7631.8
USGS_16701,Illinois_Saline,9.38,16.46,18.22,55.94,2.86,1457.7,268.3,6810.7
USGS_16702,Illinois_Saline,2.82,8.41,37.4,51.37,3.48,1422.8,283.8,7912.8
USGS_16703,Kentucky_Pike,9.61,6.44,22.23,61.72,3.1,1420.6,150.4,7581.3
USGS_16704,Wyoming_Campbell,3.99,24.37,32.55,39.09,2.39,1294.7,101.3,6513.3
USGS_16705,Pennsylvania_Greene,8.61,4.46,26.09,60.84,2.68,1400.0,60.8,7801.3
USGS_16706,Wyoming_Campbell,7.44,20.86,32.05,39.65,3.77,1168.2,218.3,6469.2
USGS_16707,Illinois_Saline,11.26,20.55,25.58,42.61,0.71,1317.8,110.5,6190.8
USGS_16708,Kentucky_Pike,5.57,10.24,20.09,64.1,2.67,1473.9,283.8,7691.8
USGS_16709,WestVirginia_Boone,2.19,6.85,23.35,67.61,1.36,1210.6,214.6,8275.4
USGS_16710,Kentucky_Pike,1.7,7.06,22.51,68.73,2.58,1401.9,207.2,8316.8
USGS_16711,Illinois_Saline,10.18,18.65,28.27,42.9,2.47,1286.4,182.2,6426.2
USGS_16712,Kentucky_Pike,7.01,17.5,33.8,41.69,0.92,1115.1,33.3,6773.4
USGS_16713,Kentucky_Pike,9.64,20.44,24.33,45.59,1.1,1389.9,290.3,6377.1
USGS_16714,Illinois_Saline,3.96,23.69,18.29,54.06,2.51,1164.1,202.1,6744.6
USGS_16715,Kentucky_Pike,5.12,18.53,30.45,45.9,0.84,1340.0,308.3,6916.1
USGS_16716,Pennsylvania_Greene,1.82,7.27,32.54,58.37,1.3,1132.6,175.8,8166.8
USGS_16717,Pennsylvania_Greene,11.6,9.11,41.11,38.18,3.24,1459.8,225.9,6931.4
USGS_16718,Kentucky_Pike,8.51,21.69,32.15,37.65,1.51,1210.9,36.3,6291.2
USGS_16719,WestVirginia_Boone,11.3,8.4,29.31,50.99,2.06,1186.1,203.2,7162.7
USGS_16720,Illinois_Saline,4.29,5.52,31.76,58.43,3.6,1149.1,241.7,8076.2
USGS_16721,Pennsylvania_Greene,7.92,18.77,40.27,33.04,1.17,1459.5,245.8,6498.1
USGS_16722,WestVirginia_Boone,8.62,12.45,37.88,41.05,1.72,1370.5,243.3,6987.6
USGS_16723,Kentucky_Pike,4.83,23.32,25.75,46.1,2.46,1381.8,85.6,6599.1
USGS_16724,WestVirginia_Boone,10.41,17.66,23.69,48.24,2.97,1289.8,302.9,6541.3
USGS_16725,Wyoming_Campbell,11.45,5.9,24.3,58.35,3.47,1280.4,308.6,7417.8
USGS_16726,Pennsylvania_Greene,10.79,23.9,30.11,35.2,3.51,1141.8,41.9,5902.1
USGS_16727,Kentucky_Pike,9.26,9.43,35.86,45.45,3.04,1312.7,291.6,7201.6
USGS_16728,Illinois_Saline,4.41,11.08,30.08,54.43,1.18,1193.8,103.9,7617.3
USGS_16729,Kentucky_Pike,4.46,12.45,19.63,63.46,0.48,1471.3,219.9,7622.6
USGS_16730,Illinois_Saline,11.62,5.08,35.37,47.93,1.7,1402.7,118.1,7336.8
USGS_16731,Kentucky_Pike,1.61,14.43,37.34,46.62,0.88,1256.9,300.6,7528.8
USGS_16732,WestVirginia_Boone,9.02,6.59,24.95,59.44,2.82,1157.5,49.4,7595.0
USGS_16733,WestVirginia_Boone,8.92,12.42,33.94,44.72,2.65,1398.4,164.3,7007.4
USGS_16734,WestVirginia_Boone,8.04,11.36,28.24,52.36,0.55,1146.4,144.1,7252.9
USGS_16735,Wyoming_Campbell,11.9,20.23,39.34,28.53,3.24,1171.9,114.5,5988.6
USGS_16736,Illinois_Saline,4.77,20.87,38.29,36.07,1.25,1180.4,207.2,6660.4
USGS_16737,WestVirginia_Boone,5.07,7.22,30.61,57.1,1.87,1311.6,58.0,7869.2
USGS_16738,Wyoming_Campbell,2.33,11.7,34.6,51.37,2.67,1399.1,227.8,7719.0
USGS_16739,Illinois_Saline,6.15,11.84,39.2,42.81,1.86,1219.4,304.4,7270.0
USGS_16740,Kentucky_Pike,4.24,7.18,29.9,58.68,1.9,1132.2,253.3,7964.1
USGS_16741,Wyoming_Campbell,5.11,20.77,25.52,48.6,0.62,1276.5,269.4,6788.1
USGS_16742,Pennsylvania_Greene,10.26,18.85,36.09,34.8,1.76,1384.3,124.3,6307.5
USGS_16743,Wyoming_Campbell,11.32,8.0,23.28,57.4,3.0,1184.2,114.2,7266.6
USGS_16744,Wyoming_Campbell,3.45,11.7,27.32,57.53,3.51,1183.6,169.9,7694.4
USGS_16745,Illinois_Saline,5.41,6.22,38.78,49.59,1.81,1459.9,33.3,7821.2
USGS_16746,Kentucky_Pike,11.25,17.19,35.39,36.17,1.84,1462.6,294.2,6356.4
USGS_16747,Pennsylvania_Greene,2.15,6.55,27.69,63.61,2.79,1476.4,61.7,8252.5
USGS_16748,WestVirginia_Boone,2.47,24.7,23.15,49.68,3.61,1406.9,281.9,6750.4
USGS_16749,WestVirginia_Boone,3.21,20.39,26.54,49.86,1.31,1171.5,44.2,6997.8
USGS_16750,Wyoming_Campbell,7.75,12.2,24.82,55.23,1.9,1180.6,258.6,7252.4
USGS_16751,Illinois_Saline,3.08,16.15,22.23,58.54,3.11,1229.3,64.1,7418.6
USGS_16752,Illinois_Saline,11.66,23.14,35.84,29.36,2.47,1220.9,31.1,5810.2
USGS_16753,WestVirginia_Boone,6.19,15.64,24.05,54.12,0.78,1463.5,228.7,7128.6
USGS_16754,Pennsylvania_Greene,6.77,7.66,28.9,56.67,2.53,1399.8,101.3,7682.8
USGS_16755,Kentucky_Pike,4.09,11.95,27.26,56.7,1.03,1375.1,227.2,7610.1
USGS_16756,Pennsylvania_Greene,6.45,21.71,41.57,30.27,2.13,1170.7,181.0,6382.5
USGS_16757,Kentucky_Pike,8.45,17.53,27.39,46.63,2.2,1445.6,51.6,6703.8
USGS_16758,WestVirginia_Boone,9.39,17.67,19.92,53.02,3.38,1414.6,290.3,6687.7
USGS_16759,Kentucky_Pike,9.42,22.2,20.16,48.22,1.97,1162.2,151.2,6301.3
USGS_16760,Illinois_Saline,7.57,22.77,32.18,37.48,1.35,1431.0,233.0,6294.2
USGS_16761,Wyoming_Campbell,11.0,23.32,32.38,33.3,1.19,1203.5,165.3,5902.6
USGS_16762,Wyoming_Campbell,10.08,5.99,28.05,55.88,3.37,1130.7,195.3,7502.2
USGS_16763,WestVirginia_Boone,9.45,15.43,28.36,46.76,0.98,1349.6,107.8,6768.6
USGS_16764,Illinois_Saline,2.08,19.55,19.29,59.08,1.85,1348.4,78.1,7268.3
USGS_16765,Pennsylvania_Greene,1.57,19.9,30.4,48.13,1.04,1136.1,177.3,7156.6
USGS_16766,Illinois_Saline,3.73,16.74,30.11,49.42,3.03,1221.2,147.7,7209.5
USGS_16767,Wyoming_Campbell,8.47,7.5,21.59,62.44,2.01,1477.3,133.1,7613.9
USGS_16768,Wyoming_Campbell,5.82,20.75,20.49,52.94,1.59,1357.8,215.0,6779.1
USGS_16769,Illinois_Saline,5.73,19.12,20.97,54.18,1.63,1377.4,220.2,6919.3
USGS_16770,Illinois_Saline,10.79,5.81,20.42,62.98,3.3,1180.9,33.3,7537.9
USGS_16771,Wyoming_Campbell,10.9,13.74,32.63,42.73,2.28,1129.9,118.2,6714.3
USGS_16772,Pennsylvania_Greene,11.05,7.65,22.72,58.58,2.84,1205.2,139.4,7329.8
USGS_16773,WestVirginia_Boone,4.8,11.09,24.03,60.08,3.45,1194.6,48.1,7650.1
USGS_16774,WestVirginia_Boone,8.76,4.38,22.17,64.69,3.47,1189.1,88.4,7840.0
USGS_16775,Illinois_Saline,4.35,12.41,40.99,42.25,1.52,1173.2,35.0,7380.7
USGS_16776,WestVirginia_Boone,3.5,15.55,38.51,42.44,3.64,1318.4,308.9,7231.7
USGS_16777,Wyoming_Campbell,3.44,17.01,23.53,56.02,0.48,1224.7,233.6,7294.8
USGS_16778,Wyoming_Campbell,5.09,17.93,25.86,51.12,1.68,1411.7,45.4,7024.6
USGS_16779,Illinois_Saline,6.01,21.56,23.04,49.39,3.45,1169.9,25.9,6661.5
USGS_16780,Illinois_Saline,10.22,8.52,29.81,51.45,1.33,1276.6,228.6,7254.6
USGS_16781,Illinois_Saline,2.76,6.53,18.47,72.24,1.33,1105.2,147.4,8303.8
USGS_16782,Pennsylvania_Greene,9.22,21.88,34.11,34.79,1.43,1283.0,248.2,6180.8
USGS_16783,WestVirginia_Boone,7.08,7.29,30.56,55.07,2.48,1121.2,287.8,7662.9
USGS_16784,Illinois_Saline,4.52,24.47,39.57,31.44,1.89,1471.5,193.8,6367.7
USGS_16785,Kentucky_Pike,6.67,21.69,21.95,49.69,2.87,1400.4,74.3,6597.6
USGS_16786,Kentucky_Pike,4.65,14.52,37.3,43.53,3.44,1286.2,246.8,7217.7
USGS_16787,Wyoming_Campbell,7.76,24.61,37.01,30.62,2.69,1132.9,297.2,6062.6
USGS_16788,WestVirginia_Boone,6.06,6.04,21.05,66.85,1.1,1325.1,188.3,7984.0
USGS_16789,Illinois_Saline,3.23,10.36,27.57,58.84,3.57,1388.3,217.8,7825.9
USGS_16790,Kentucky_Pike,2.72,17.4,22.08,57.8,1.3,1172.5,117.9,7351.4
USGS_16791,WestVirginia_Boone,7.24,11.35,24.11,57.3,0.91,1315.9,130.6,7383.3
USGS_16792,Wyoming_Campbell,10.98,23.5,24.32,41.2,0.71,1409.4,233.0,5986.2
USGS_16793,Pennsylvania_Greene,5.11,5.38,31.35,58.16,2.32,1391.9,289.1,8010.9
USGS_16794,WestVirginia_Boone,9.2,15.54,27.87,47.39,0.79,1405.1,202.4,6790.2
USGS_16795,WestVirginia_Boone,8.42,16.41,40.75,34.42,0.87,1434.1,249.1,6640.6
USGS_16796,Pennsylvania_Greene,11.28,17.71,21.03,49.98,1.42,1456.3,69.8,6482.0
USGS_16797,WestVirginia_Boone,10.12,9.37,41.37,39.14,1.36,1254.1,81.5,7054.5
USGS_16798,Wyoming_Campbell,7.45,11.66,23.54,57.35,2.45,1316.1,174.3,7343.1
USGS_16799,Wyoming_Campbell,8.4,21.72,36.55,33.33,3.18,1400.5,71.2,6246.9
USGS_16800,Pennsylvania_Greene,10.93,8.09,26.14,54.84,2.99,1364.9,204.1,7263.8
USGS_16801,Illinois_Saline,5.69,21.36,21.43,51.52,1.29,1478.3,104.6,6729.6
USGS_16802,Kentucky_Pike,4.93,15.82,38.59,40.66,1.23,1105.2,249.5,7065.0
USGS_16803,Illinois_Saline,1.61,20.01,25.41,52.97,3.68,1235.0,254.4,7203.2
USGS_16804,WestVirginia_Boone,10.18,18.99,33.81,37.02,0.43,1206.8,154.5,6331.1
USGS_16805,Kentucky_Pike,9.91,8.36,31.59,50.14,3.39,1199.7,72.4,7277.7
USGS_16806,Pennsylvania_Greene,2.6,15.95,29.32,52.13,1.08,1184.6,207.6,7398.4
USGS_16807,Pennsylvania_Greene,7.56,22.22,29.9,40.32,3.62,1369.5,307.9,6368.7
USGS_16808,Kentucky_Pike,6.37,13.07,35.57,44.99,1.56,1132.2,200.6,7188.3
USGS_16809,Wyoming_Campbell,2.75,24.3,20.11,52.84,1.9,1381.8,30.4,6792.5
USGS_16810,Kentucky_Pike,11.8,13.5,34.04,40.66,2.8,1363.5,25.0,6627.5
USGS_16811,WestVirginia_Boone,3.75,7.0,39.5,49.75,2.4,1195.3,112.9,7913.0
USGS_16812,Wyoming_Campbell,2.21,12.18,19.39,66.22,1.48,1196.1,76.8,7873.2
USGS_16813,Pennsylvania_Greene,7.75,23.99,21.38,46.88,2.28,1339.0,255.8,6303.3
USGS_16814,Kentucky_Pike,9.26,10.71,35.2,44.83,2.88,1389.6,265.0,7102.0
USGS_16815,Illinois_Saline,1.84,22.23,28.49,47.44,0.54,1433.1,95.0,6956.8
USGS_16816,Illinois_Saline,8.42,22.51,27.69,41.38,0.44,1423.8,114.4,6284.9
USGS_16817,WestVirginia_Boone,7.09,11.35,21.29,60.27,1.96,1466.7,88.5,7432.1
USGS_16818,Illinois_Saline,2.58,5.75,30.16,61.51,0.85,1320.9,283.4,8247.1
USGS_16819,Kentucky_Pike,3.31,19.22,21.04,56.43,2.66,1445.3,165.8,7152.0
USGS_16820,Kentucky_Pike,7.46,10.54,29.44,52.56,1.13,1407.2,210.3,7365.4
USGS_16821,Illinois_Saline,4.61,20.44,36.33,38.62,1.87,1440.0,140.5,6736.1
USGS_16822,Kentucky_Pike,11.35,13.3,24.2,51.15,1.07,1104.4,203.0,6807.4
USGS_16823,WestVirginia_Boone,10.1,14.19,29.54,46.17,2.26,1467.0,131.9,6793.6
USGS_16824,Wyoming_Campbell,11.83,20.34,41.81,26.02,0.79,1279.9,118.5,5956.7
USGS_16825,WestVirginia_Boone,4.23,12.03,34.48,49.26,0.48,1403.3,204.0,7502.7
USGS_16826,WestVirginia_Boone,11.68,13.31,38.19,36.82,0.57,1148.3,191.4,6605.7
USGS_16827,Kentucky_Pike,6.03,11.9,27.96,54.11,3.64,1250.5,105.1,7411.9
USGS_16828,Wyoming_Campbell,5.15,11.71,36.43,46.71,0.88,1203.2,63.3,7414.2
USGS_16829,Kentucky_Pike,2.03,15.04,18.97,63.96,2.81,1210.8,126.9,7656.0
USGS_16830,Pennsylvania_Greene,2.05,20.98,20.95,56.02,0.63,1146.8,140.4,7131.3
USGS_16831,Kentucky_Pike,8.77,11.6,22.87,56.76,0.77,1406.2,202.3,7224.2
USGS_16832,Kentucky_Pike,6.31,15.01,27.65,51.03,2.13,1103.5,285.2,7126.4
USGS_16833,Kentucky_Pike,3.88,18.09,38.3,39.73,1.98,1218.8,30.5,6982.8
USGS_16834,Wyoming_Campbell,7.95,9.66,26.31,56.08,3.64,1166.3,90.7,7427.8
USGS_16835,Kentucky_Pike,4.16,9.83,33.71,52.3,3.61,1323.8,76.2,7703.8
USGS_16836,Wyoming_Campbell,7.57,23.6,35.02,33.81,3.05,1196.6,165.7,6190.4
USGS_16837,Illinois_Saline,5.27,19.19,32.07,43.47,2.45,1198.4,144.6,6826.2
USGS_16838,Pennsylvania_Greene,10.15,16.12,26.57,47.16,1.95,1285.6,231.4,6662.1
USGS_16839,Wyoming_Campbell,10.12,17.6,31.85,40.43,1.61,1348.0,90.3,6477.4
USGS_16840,Illinois_Saline,6.51,4.62,26.21,62.66,3.62,1146.1,192.4,7996.4
USGS_16841,Wyoming_Campbell,5.18,16.98,20.01,57.83,2.45,1166.7,276.3,7165.6
USGS_16842,Wyoming_Campbell,5.31,14.7,41.83,38.16,2.37,1193.9,284.1,7082.2
USGS_16843,Pennsylvania_Greene,9.96,15.46,21.05,53.53,1.19,1470.0,298.0,6802.8
USGS_16844,WestVirginia_Boone,4.95,11.55,19.74,63.76,0.56,1250.9,244.2,7647.9
USGS_16845,WestVirginia_Boone,3.7,5.71,39.08,51.51,3.61,1327.6,282.7,8031.4
USGS_16846,Wyoming_Campbell,2.39,8.06,25.24,64.31,1.47,1191.8,88.0,8131.1
USGS_16847,Kentucky_Pike,6.4,23.97,33.61,36.02,1.9,1286.4,77.3,6293.2
USGS_16848,Illinois_Saline,6.56,12.58,25.9,54.96,0.79,1128.2,21.9,7326.5
USGS_16849,Kentucky_Pike,10.33,13.8,27.39,48.48,3.25,1113.2,225.0,6829.1
USGS_16850,Kentucky_Pike,3.82,5.11,24.29,66.78,0.49,1278.1,291.9,8247.3
USGS_16851,Wyoming_Campbell,5.5,4.79,26.23,63.48,3.24,1251.5,74.2,8082.9
USGS_16852,Wyoming_Campbell,9.99,19.06,27.86,43.09,0.88,1152.0,204.7,6415.6
USGS_16853,Wyoming_Campbell,10.15,15.3,35.29,39.26,3.41,1361.3,236.5,6626.3
USGS_16854,Wyoming_Campbell,5.54,14.68,30.28,49.5,2.88,1477.3,289.0,7199.5
USGS_16855,WestVirginia_Boone,6.32,9.11,40.65,43.92,0.96,1250.3,207.6,7465.0
USGS_16856,Wyoming_Campbell,4.68,19.64,19.01,56.67,2.32,1337.3,301.4,7004.1
USGS_16857,WestVirginia_Boone,11.29,7.53,30.07,51.11,1.46,1465.9,120.0,7227.6
USGS_16858,WestVirginia_Boone,2.75,7.99,32.02,57.24,1.01,1416.0,121.5,8019.6
USGS_16859,Wyoming_Campbell,11.3,13.67,40.08,34.95,3.32,1276.1,177.5,6590.8
USGS_16860,Pennsylvania_Greene,8.68,10.01,19.18,62.13,1.77,1380.2,131.2,7411.0
USGS_16861,Illinois_Saline,7.08,9.2,31.76,51.96,1.76,1148.7,20.4,7488.1
USGS_16862,Kentucky_Pike,1.84,17.55,38.49,42.12,0.98,1294.6,232.2,7229.9
USGS_16863,WestVirginia_Boone,6.49,17.67,23.81,52.03,1.7,1206.0,238.0,6931.0
USGS_16864,Illinois_Saline,5.78,21.31,39.03,33.88,3.36,1161.2,236.6,6513.6
USGS_16865,Pennsylvania_Greene,3.19,12.77,18.46,65.58,1.63,1262.0,120.1,7736.8
USGS_16866,Kentucky_Pike,8.39,5.53,35.58,50.5,3.64,1149.8,171.5,7619.5
USGS_16867,Kentucky_Pike,11.7,9.75,40.39,38.16,3.62,1365.6,124.4,6876.3
USGS_16868,WestVirginia_Boone,7.4,24.58,33.77,34.25,0.89,1273.4,24.7,6140.0
USGS_16869,Wyoming_Campbell,9.0,16.52,28.54,45.94,1.0,1301.8,183.1,6719.8
USGS_16870,Pennsylvania_Greene,2.22,18.9,19.08,59.8,3.33,1155.6,55.9,7311.4
USGS_16871,WestVirginia_Boone,5.89,4.15,40.08,49.88,1.74,1153.1,43.2,7931.4
USGS_16872,Pennsylvania_Greene,2.72,14.88,29.29,53.11,0.41,1321.7,239.1,7476.6
USGS_16873,Wyoming_Campbell,7.93,4.79,18.7,68.58,1.33,1474.3,22.8,7930.2
USGS_16874,Wyoming_Campbell,11.35,15.95,34.56,38.14,2.43,1136.6,298.1,6460.5
USGS_16875,WestVirginia_Boone,8.45,23.34,29.56,38.65,3.12,1208.6,169.4,6189.7
USGS_16876,Wyoming_Campbell,2.31,24.34,20.98,52.37,0.85,1430.4,305.1,6822.7
USGS_16877,Illinois_Saline,5.22,15.35,23.14,56.29,0.78,1127.5,36.8,7260.9
USGS_16878,Kentucky_Pike,7.28,13.62,19.55,59.55,3.54,1432.8,189.2,7243.3
USGS_16879,WestVirginia_Boone,5.73,23.85,31.78,38.64,2.95,1299.2,121.3,6392.2
USGS_16880,Pennsylvania_Greene,10.25,18.15,32.93,38.67,2.41,1255.1,264.6,6405.2
USGS_16881,Illinois_Saline,10.05,5.36,30.14,54.45,3.02,1217.7,124.8,7533.1
USGS_16882,WestVirginia_Boone,7.92,13.78,37.61,40.69,1.86,1212.9,95.5,6949.2
USGS_16883,Wyoming_Campbell,5.42,9.05,38.66,46.87,2.98,1216.2,268.7,7583.9
USGS_16884,Wyoming_Campbell,4.18,13.87,32.77,49.18,1.66,1436.2,128.6,7373.7
USGS_16885,Wyoming_Campbell,2.61,13.56,18.31,65.52,1.23,1375.0,24.9,7730.2
USGS_16886,Wyoming_Campbell,5.23,16.23,34.69,43.85,2.88,1354.5,133.2,7047.4
USGS_16887,Pennsylvania_Greene,5.84,11.49,28.03,54.64,1.83,1403.5,209.8,7464.5
USGS_16888,Illinois_Saline,8.6,7.45,31.57,52.38,3.74,1197.7,93.8,7485.4
USGS_16889,Kentucky_Pike,8.41,14.58,33.58,43.43,1.59,1334.9,145.3,6881.3
USGS_16890,Pennsylvania_Greene,2.24,21.43,26.41,49.92,3.53,1274.8,36.4,7009.0
USGS_16891,Pennsylvania_Greene,5.65,17.94,40.01,36.4,3.57,1397.3,190.5,6797.9
USGS_16892,Kentucky_Pike,3.41,11.11,21.22,64.26,1.22,1217.5,239.3,7821.1
USGS_16893,Kentucky_Pike,3.15,23.65,34.12,39.08,3.11,1344.4,139.9,6639.0
USGS_16894,Wyoming_Campbell,10.19,23.16,18.1,48.55,1.87,1435.2,141.9,6168.4
USGS_16895,Pennsylvania_Greene,1.94,8.4,40.19,49.47,3.52,1252.8,45.6,7968.1
USGS_16896,WestVirginia_Boone,5.9,4.83,20.7,68.57,1.93,1125.3,78.6,8105.9
USGS_16897,Kentucky_Pike,3.27,19.57,20.28,56.88,2.93,1296.1,64.9,7135.8
USGS_16898,Kentucky_Pike,10.73,21.38,25.99,41.9,1.99,1231.5,159.7,6169.2
USGS_16899,Illinois_Saline,7.35,24.33,26.97,41.35,1.17,1355.4,173.5,6247.6
USGS_16900,WestVirginia_Boone,3.93,22.69,23.14,50.24,1.08,1461.4,295.2,6773.4
USGS_16901,WestVirginia_Boone,6.78,16.61,32.04,44.57,1.85,1284.5,41.2,6892.3
USGS_16902,Kentucky_Pike,9.18,15.13,28.63,47.06,2.97,1277.2,194.0,6817.5
USGS_16903,Wyoming_Campbell,11.56,4.58,18.82,65.04,2.46,1348.7,172.7,7583.4
USGS_16904,Illinois_Saline,3.81,9.18,25.67,61.34,2.74,1139.3,169.7,7889.8
USGS_16905,WestVirginia_Boone,10.8,13.65,37.45,38.1,1.36,1196.3,273.2,6674.0
USGS_16906,Kentucky_Pike,11.31,17.2,34.55,36.94,2.04,1449.2,79.6,6359.6
USGS_16907,WestVirginia_Boone,11.12,15.7,35.4,37.78,0.55,1354.6,31.8,6494.4
USGS_16908,Illinois_Saline,8.17,19.6,34.75,37.48,3.18,1105.1,215.0,6469.6
USGS_16909,Illinois_Saline,8.11,9.88,25.46,56.55,3.77,1177.8,120.1,7403.6
USGS_16910,Pennsylvania_Greene,5.73,15.86,20.39,58.02,1.78,1359.5,25.1,7200.1
USGS_16911,Kentucky_Pike,9.4,5.85,24.54,60.21,0.44,1390.5,92.9,7624.1
USGS_16912,Illinois_Saline,7.08,12.69,37.96,42.27,0.98,1419.1,109.7,7120.5
USGS_16913,Pennsylvania_Greene,8.61,19.75,41.53,30.11,2.62,1211.0,198.9,6331.6
USGS_16914,Pennsylvania_Greene,6.0,18.56,29.85,45.59,2.48,1453.8,70.0,6832.8
USGS_16915,WestVirginia_Boone,9.18,24.8,18.23,47.79,3.08,1310.1,139.8,6130.0
USGS_16916,WestVirginia_Boone,10.16,9.84,21.36,58.64,1.26,1364.7,159.9,7251.1
USGS_16917,Pennsylvania_Greene,3.04,14.46,25.73,56.77,3.0,1326.8,153.2,7522.6
USGS_16918,WestVirginia_Boone,10.25,10.92,31.89,46.94,2.74,1146.6,302.4,7025.0
USGS_16919,Illinois_Saline,7.17,13.25,19.8,59.78,1.5,1466.0,33.2,7282.4
USGS_16920,Wyoming_Campbell,10.37,22.0,40.64,26.99,2.25,1146.7,295.8,5977.3
USGS_16921,Illinois_Saline,6.03,18.37,26.76,48.84,0.9,1196.9,188.8,6882.8
USGS_16922,Pennsylvania_Greene,5.48,22.53,39.9,32.09,1.94,1409.2,250.8,6430.7
USGS_16923,Pennsylvania_Greene,11.11,8.27,36.73,43.89,3.4,1335.1,144.8,7103.6
USGS_16924,Illinois_Saline,4.14,22.34,36.13,37.39,1.83,1418.5,151.6,6625.9
USGS_16925,WestVirginia_Boone,10.36,5.26,32.56,51.82,3.25,1296.0,275.0,7481.4
USGS_16926,WestVirginia_Boone,6.58,22.66,33.04,37.72,2.41,1243.3,279.8,6392.1
USGS_16927,Pennsylvania_Greene,6.9,10.91,33.31,48.88,1.05,1450.3,89.2,7343.8
USGS_16928,Kentucky_Pike,4.74,10.61,33.09,51.56,2.38,1113.8,77.8,7587.7
USGS_16929,WestVirginia_Boone,7.52,14.75,31.29,46.44,2.12,1425.3,163.9,6983.5
USGS_16930,Illinois_Saline,4.91,23.75,41.67,29.67,1.76,1187.7,281.1,6364.0
USGS_16931,WestVirginia_Boone,1.91,5.0,35.57,57.52,0.81,1422.5,113.5,8312.2
USGS_16932,Illinois_Saline,4.36,11.4,36.65,47.59,1.82,1152.9,209.1,7516.6
USGS_16933,Pennsylvania_Greene,1.57,21.99,38.94,37.5,0.65,1320.5,225.4,6878.6
USGS_16934,WestVirginia_Boone,11.77,12.32,23.18,52.73,0.74,1437.5,245.8,6860.0
USGS_16935,Illinois_Saline,11.64,8.18,20.01,60.17,1.81,1279.9,183.5,7258.8
USGS_16936,Pennsylvania_Greene,5.65,12.92,29.59,51.84,1.44,1383.7,136.7,7344.6
USGS_16937,Kentucky_Pike,9.15,12.1,30.34,48.41,3.55,1405.8,300.4,7054.5
USGS_16938,Illinois_Saline,5.13,23.22,37.9,33.75,1.68,1379.9,197.3,6431.7
USGS_16939,Kentucky_Pike,8.55,20.0,28.65,42.8,2.98,1451.6,231.3,6471.2
USGS_16940,Kentucky_Pike,9.96,14.61,31.7,43.73,2.2,1269.8,120.0,6746.4
USGS_16941,Wyoming_Campbell,11.44,24.76,30.65,33.15,2.79,1165.8,214.3,5758.4
USGS_16942,WestVirginia_Boone,5.7,13.77,18.92,61.61,1.28,1118.2,94.8,7396.3
USGS_16943,Illinois_Saline,9.72,5.22,32.77,52.29,3.6,1193.7,91.1,7546.3
USGS_16944,Kentucky_Pike,4.29,9.51,37.87,48.33,2.2,1154.4,227.3,7667.7
USGS_16945,Wyoming_Campbell,11.9,13.16,21.78,53.16,3.23,1312.0,171.2,6793.2
USGS_16946,Pennsylvania_Greene,1.77,7.29,32.26,58.68,1.64,1170.3,218.2,8173.5
USGS_16947,Illinois_Saline,7.84,23.9,32.25,36.01,0.74,1114.8,98.1,6171.4
USGS_16948,Kentucky_Pike,8.42,20.1,21.94,49.54,2.69,1113.7,193.6,6556.3
USGS_16949,WestVirginia_Boone,8.72,9.63,20.96,60.69,0.43,1416.0,148.7,7417.6
USGS_16950,Wyoming_Campbell,2.76,16.41,41.52,39.31,2.02,1324.8,193.1,7197.3
USGS_16951,Kentucky_Pike,11.35,19.15,27.45,42.05,1.06,1236.1,104.4,6277.0
USGS_16952,WestVirginia_Boone,3.4,23.77,23.46,49.37,2.53,1439.8,227.5,6731.8
USGS_16953,Kentucky_Pike,8.04,22.51,22.11,47.34,3.73,1126.7,253.7,6389.8
USGS_16954,Illinois_Saline,3.84,14.82,34.02,47.32,1.98,1472.5,95.4,7312.9
USGS_16955,Illinois_Saline,4.73,20.27,32.63,42.37,3.18,1334.2,107.2,6782.8
USGS_16956,Illinois_Saline,7.24,15.81,33.45,43.5,2.13,1169.7,211.7,6896.6
USGS_16957,Wyoming_Campbell,5.88,15.61,20.11,58.4,2.09,1358.0,221.7,7209.4
USGS_16958,Illinois_Saline,3.18,6.41,39.44,50.97,3.56,1390.1,224.2,8020.3
USGS_16959,WestVirginia_Boone,3.29,6.65,27.34,62.72,3.43,1263.2,218.0,8134.3
USGS_16960,Kentucky_Pike,5.89,15.12,25.52,53.47,3.07,1427.4,133.9,7184.7
USGS_16961,Pennsylvania_Greene,9.45,9.65,29.1,51.8,1.41,1157.3,134.5,7245.2
USGS_16962,WestVirginia_Boone,10.93,4.44,27.36,57.27,2.25,1206.0,93.9,7555.7
USGS_16963,WestVirginia_Boone,2.38,19.18,38.73,39.71,1.16,1135.5,65.5,7036.1
USGS_16964,Illinois_Saline,5.63,4.68,40.3,49.39,1.91,1180.1,220.8,7910.3
USGS_16965,Wyoming_Campbell,2.55,16.5,25.28,55.67,2.05,1190.7,47.0,7405.6
USGS_16966,Kentucky_Pike,1.67,15.32,38.73,44.28,3.23,1448.7,292.0,7431.4
USGS_16967,Wyoming_Campbell,8.45,24.35,36.76,30.44,3.45,1129.7,259.7,6018.5
USGS_16968,Kentucky_Pike,7.83,14.17,40.34,37.66,1.81,1262.4,268.7,6892.6
USGS_16969,Kentucky_Pike,3.21,5.34,23.9,67.55,0.46,1302.3,282.9,8293.6
USGS_16970,Wyoming_Campbell,3.96,15.59,31.85,48.6,3.33,1441.5,138.5,7262.2
USGS_16971,WestVirginia_Boone,1.75,21.66,24.59,52.0,0.99,1479.1,265.5,7060.5
USGS_16972,Kentucky_Pike,10.27,24.93,37.78,27.02,2.51,1386.3,65.8,5775.5
USGS_16973,Wyoming_Campbell,11.73,13.04,18.13,57.1,0.48,1468.9,26.3,6864.1
USGS_16974,Kentucky_Pike,2.92,10.73,31.56,54.79,1.76,1399.1,247.6,7778.0
USGS_16975,Pennsylvania_Greene,3.93,23.04,26.14,46.89,3.75,1466.0,41.7,6708.0
USGS_16976,WestVirginia_Boone,10.62,8.02,25.74,55.62,0.74,1368.8,306.7,7305.4
USGS_16977,Illinois_Saline,11.23,16.92,33.48,38.37,1.84,1130.3,215.7,6404.0
USGS_16978,Kentucky_Pike,5.91,12.52,38.44,43.13,1.44,1252.7,238.5,7246.0
USGS_16979,Pennsylvania_Greene,2.03,4.86,32.62,60.49,3.48,1345.7,91.3,8347.3
USGS_16980,Illinois_Saline,1.91,11.29,38.48,48.32,3.36,1233.3,215.4,7748.9
USGS_16981,Illinois_Saline,7.53,9.57,24.35,58.55,1.21,1203.9,32.5,7500.9
USGS_16982,Kentucky_Pike,5.63,18.41,30.47,45.49,0.68,1319.4,263.0,6874.9
USGS_16983,Wyoming_Campbell,1.8,23.92,28.81,45.47,2.53,1454.7,69.2,6815.0
USGS_16984,Kentucky_Pike,7.62,9.63,18.28,64.47,1.54,1113.3,222.2,7559.7
USGS_16985,Pennsylvania_Greene,1.62,21.04,31.36,45.98,2.69,1392.3,85.1,7044.3
USGS_16986,Illinois_Saline,9.77,5.16,33.88,51.19,0.51,1374.6,39.9,7533.0
USGS_16987,Kentucky_Pike,4.72,15.3,32.21,47.77,0.85,1466.3,159.6,7206.3
USGS_16988,Wyoming_Campbell,1.92,5.48,35.67,56.93,2.73,1453.7,69.1,8269.6
USGS_16989,Kentucky_Pike,7.68,23.61,31.71,37.0,1.12,1389.6,231.5,6218.2
USGS_16990,WestVirginia_Boone,5.68,20.09,19.6,54.63,3.32,1297.8,88.9,6859.2
USGS_16991,Wyoming_Campbell,11.72,17.82,20.79,49.67,0.6,1177.6,119.3,6431.6
USGS_16992,Pennsylvania_Greene,7.21,21.3,32.32,39.17,1.13,1307.2,184.6,6452.0
USGS_16993,Illinois_Saline,4.39,17.6,24.6,53.41,3.8,1390.8,102.6,7137.4
USGS_16994,Kentucky_Pike,8.95,24.35,19.91,46.79,1.87,1440.4,129.6,6170.7
USGS_16995,Wyoming_Campbell,4.35,18.99,28.31,48.35,2.79,1400.1,256.5,6980.1
USGS_16996,WestVirginia_Boone,10.99,23.42,31.3,34.29,1.02,1174.2,72.0,5908.1
USGS_16997,Wyoming_Campbell,5.43,14.86,25.89,53.82,2.47,1327.9,43.8,7248.1
USGS_16998,WestVirginia_Boone,7.27,6.46,35.29,50.98,2.87,1226.2,115.2,7656.9
USGS_16999,Pennsylvania_Greene,2.03,15.09,33.45,49.43,1.47,1103.5,143.1,7478.0
USGS_17000,Illinois_Saline,5.97,6.66,25.99,61.38,3.22,1176.1,177.4,7881.7
USGS_17001,Pennsylvania_Greene,10.24,16.44,36.12,37.2,2.45,1143.0,128.0,6511.6
USGS_17002,Kentucky_Pike,9.96,14.13,33.57,42.34,1.72,1420.2,249.1,6764.2
USGS_17003,Wyoming_Campbell,3.86,17.07,33.3,45.77,2.3,1198.2,31.4,7130.5
USGS_17004,WestVirginia_Boone,3.87,4.21,31.28,60.64,2.36,1208.2,145.2,8234.0
USGS_17005,WestVirginia_Boone,10.08,8.09,18.27,63.56,0.96,1464.8,130.9,7443.2
USGS_17006,Wyoming_Campbell,11.27,14.32,34.72,39.69,1.77,1244.1,207.8,6603.5
USGS_17007,Wyoming_Campbell,2.5,23.96,27.03,46.51,1.57,1103.6,300.2,6763.0
USGS_17008,Kentucky_Pike,6.23,12.06,40.62,41.09,1.76,1207.9,168.0,7226.5
USGS_17009,Pennsylvania_Greene,5.04,12.91,37.63,44.42,2.99,1145.3,306.2,7310.0
USGS_17010,WestVirginia_Boone,10.64,19.01,32.1,38.25,2.04,1139.1,107.7,6304.0
USGS_17011,Kentucky_Pike,2.38,16.68,24.05,56.89,3.6,1129.4,29.0,7422.3
USGS_17012,Pennsylvania_Greene,3.72,10.28,22.89,63.11,1.4,1325.4,68.0,7839.8
USGS_17013,Kentucky_Pike,9.4,12.63,26.17,51.8,1.81,1172.0,134.6,7035.0
USGS_17014,WestVirginia_Boone,2.04,8.57,29.44,59.95,3.08,1237.3,111.7,8072.8
USGS_17015,Wyoming_Campbell,6.67,24.29,25.11,43.93,2.26,1427.6,48.1,6341.3
USGS_17016,Wyoming_Campbell,6.14,6.74,30.36,56.76,2.26,1261.2,145.5,7805.5
USGS_17017,Pennsylvania_Greene,5.01,11.81,21.97,61.21,0.58,1448.0,118.1,7593.3
USGS_17018,Illinois_Saline,5.64,4.54,41.47,48.35,1.76,1289.2,55.6,7907.0
USGS_17019,Pennsylvania_Greene,7.06,8.66,20.59,63.69,1.32,1251.6,105.9,7669.5
USGS_17020,Illinois_Saline,3.19,20.39,40.37,36.05,3.8,1385.1,277.1,6833.8
USGS_17021,Kentucky_Pike,7.51,8.22,39.93,44.34,1.45,1127.8,107.6,7429.4
USGS_17022,Kentucky_Pike,9.96,5.68,30.61,53.75,3.41,1134.0,227.0,7509.6
USGS_17023,WestVirginia_Boone,9.48,13.96,35.4,41.16,2.7,1347.8,197.5,6804.6
USGS_17024,Illinois_Saline,3.12,4.21,28.47,64.2,1.56,1285.0,143.9,8342.7
USGS_17025,WestVirginia_Boone,3.07,5.78,33.12,58.03,2.25,1400.4,89.3,8160.0
USGS_17026,Wyoming_Campbell,4.32,20.96,26.17,48.55,3.26,1448.2,127.0,6843.3
USGS_17027,Illinois_Saline,5.29,20.2,25.23,49.28,3.4,1247.6,191.7,6821.4
USGS_17028,Pennsylvania_Greene,5.79,23.22,31.88,39.11,0.95,1326.6,121.7,6438.0
USGS_17029,Wyoming_Campbell,8.64,21.94,29.96,39.46,1.55,1290.3,82.3,6283.5
USGS_17030,Wyoming_Campbell,2.1,18.35,31.91,47.64,1.54,1473.0,53.8,7215.7
USGS_17031,Pennsylvania_Greene,1.86,5.1,24.88,68.16,0.54,1415.8,275.1,8437.0
USGS_17032,Wyoming_Campbell,5.62,20.44,26.81,47.13,2.43,1446.5,147.7,6749.3
USGS_17033,Illinois_Saline,8.82,21.76,20.01,49.41,3.31,1196.6,201.3,6400.0
USGS_17034,WestVirginia_Boone,3.53,20.78,19.25,56.44,1.7,1393.6,162.2,7020.5
USGS_17035,Wyoming_Campbell,8.24,14.68,24.08,53.0,2.92,1200.9,273.0,7003.9
USGS_17036,Illinois_Saline,4.23,8.89,19.78,67.1,2.53,1179.3,178.6,7942.9
USGS_17037,Kentucky_Pike,10.8,21.75,20.49,46.96,1.68,1458.8,159.4,6197.1
USGS_17038,Illinois_Saline,10.9,19.27,37.51,32.32,0.88,1107.3,288.1,6191.2
USGS_17039,WestVirginia_Boone,4.62,24.6,18.93,51.85,2.81,1466.8,228.7,6594.4
USGS_17040,Illinois_Saline,3.91,7.27,33.81,55.01,3.31,1156.7,52.3,7942.6
USGS_17041,Pennsylvania_Greene,5.82,8.74,24.54,60.9,2.73,1411.4,71.5,7739.4
USGS_17042,WestVirginia_Boone,4.03,8.45,38.92,48.6,0.46,1204.9,248.3,7770.2
USGS_17043,Kentucky_Pike,8.56,20.64,29.64,41.16,1.14,1233.3,262.4,6404.6
USGS_17044,Pennsylvania_Greene,10.17,7.93,25.33,56.57,0.64,1182.4,178.1,7362.9
USGS_17045,Illinois_Saline,8.57,5.4,30.42,55.61,2.34,1322.5,180.8,7674.4
USGS_17046,WestVirginia_Boone,10.16,24.97,27.17,37.7,2.97,1232.3,203.3,5910.5
USGS_17047,Kentucky_Pike,5.67,4.52,31.54,58.27,0.78,1349.8,147.3,8024.8
USGS_17048,Pennsylvania_Greene,3.14,21.54,20.75,54.57,3.25,1105.9,217.3,6977.6
USGS_17049,Kentucky_Pike,9.25,11.67,41.93,37.15,2.29,1124.5,51.5,6941.6
USGS_17050,Illinois_Saline,5.28,21.67,28.21,44.84,2.75,1137.9,298.8,6663.2
USGS_17051,Kentucky_Pike,8.55,15.65,26.36,49.44,3.7,1259.2,237.5,6864.1
USGS_17052,Wyoming_Campbell,4.34,22.93,35.05,37.68,0.68,1409.6,203.0,6569.3
USGS_17053,Pennsylvania_Greene,2.35,23.45,26.73,47.47,3.46,1437.5,111.7,6824.4
USGS_17054,Kentucky_Pike,11.92,4.19,38.0,45.89,0.83,1193.0,66.7,7350.0
USGS_17055,Illinois_Saline,3.14,5.58,28.9,62.38,1.74,1318.3,138.7,8220.5
USGS_17056,Illinois_Saline,11.88,9.26,35.27,43.59,3.29,1392.0,211.9,6960.9
USGS_17057,Kentucky_Pike,11.76,18.06,20.58,49.6,3.48,1209.8,203.8,6410.0
USGS_17058,Illinois_Saline,9.84,22.65,38.31,29.2,2.12,1255.4,131.0,6003.7
USGS_17059,WestVirginia_Boone,8.42,13.66,35.66,42.26,2.42,1299.1,197.9,6932.6
USGS_17060,WestVirginia_Boone,7.57,16.75,23.08,52.6,2.81,1151.3,256.0,6909.0
USGS_17061,WestVirginia_Boone,10.59,7.96,21.49,59.96,3.23,1109.9,27.6,7364.5
USGS_17062,Wyoming_Campbell,4.54,20.9,25.59,48.97,0.81,1158.1,150.7,6833.3
USGS_17063,Kentucky_Pike,6.41,24.31,41.43,27.85,3.15,1338.2,240.0,6169.8
USGS_17064,Wyoming_Campbell,8.0,9.64,24.16,58.2,2.04,1128.0,178.4,7450.3
USGS_17065,Illinois_Saline,5.82,14.39,28.95,50.84,1.93,1172.1,208.9,7211.8
USGS_17066,Wyoming_Campbell,5.99,5.81,18.72,69.48,1.84,1228.4,169.8,8038.3
USGS_17067,Illinois_Saline,4.97,15.74,27.53,51.76,2.13,1129.6,307.6,7200.5
USGS_17068,Illinois_Saline,7.42,14.56,31.71,46.31,3.61,1172.8,35.8,7004.4
USGS_17069,Pennsylvania_Greene,10.43,7.03,40.87,41.67,2.26,1446.3,162.4,7226.0
USGS_17070,WestVirginia_Boone,3.62,13.28,30.4,52.7,3.64,1107.3,46.5,7507.7
USGS_17071,Illinois_Saline,11.31,11.02,37.66,40.01,1.01,1348.3,66.3,6841.4
USGS_17072,Pennsylvania_Greene,8.74,14.96,31.13,45.17,2.86,1246.1,131.1,6845.8
USGS_17073,WestVirginia_Boone,10.14,16.3,18.98,54.58,3.16,1355.6,65.1,6739.0
USGS_17074,Illinois_Saline,7.34,4.18,25.56,62.92,2.71,1323.7,299.5,7958.2
USGS_17075,Illinois_Saline,9.68,19.98,31.81,38.53,2.46,1184.9,294.6,6322.0
USGS_17076,Wyoming_Campbell,1.67,18.97,40.81,38.55,2.32,1421.9,117.5,7099.8
USGS_17077,Wyoming_Campbell,10.09,11.69,38.62,39.6,3.33,1286.9,205.5,6895.6
USGS_17078,WestVirginia_Boone,1.92,5.11,23.48,69.49,3.19,1412.6,174.8,8447.0
USGS_17079,Illinois_Saline,10.84,19.85,23.28,46.03,0.82,1254.3,256.5,6319.2
USGS_17080,Kentucky_Pike,11.92,24.06,22.83,41.19,3.29,1474.2,202.0,5863.0
USGS_17081,Wyoming_Campbell,4.59,9.04,40.14,46.23,1.81,1392.8,20.1,7650.0
USGS_17082,WestVirginia_Boone,3.71,10.79,38.46,47.04,1.26,1467.1,241.3,7611.1
USGS_17083,Illinois_Saline,9.54,7.86,36.6,46.0,3.36,1295.4,236.6,7296.6
USGS_17084,Illinois_Saline,4.16,16.12,27.43,52.29,1.87,1280.0,167.8,7250.8
USGS_17085,Kentucky_Pike,10.59,7.25,30.11,52.05,3.15,1387.1,281.8,7320.7
USGS_17086,WestVirginia_Boone,2.58,11.48,29.14,56.8,1.3,1434.5,283.4,7778.0
USGS_17087,Illinois_Saline,2.82,18.64,24.08,54.46,0.41,1466.4,171.9,7213.3
USGS_17088,Wyoming_Campbell,11.78,15.76,30.12,42.34,2.08,1223.3,196.3,6486.7
USGS_17089,Kentucky_Pike,8.58,12.12,18.73,60.57,0.74,1403.5,309.0,7249.2
USGS_17090,WestVirginia_Boone,10.39,12.83,21.16,55.62,2.96,1180.0,106.7,6979.4
USGS_17091,Kentucky_Pike,4.91,15.8,39.28,40.01,1.34,1307.3,114.1,7060.4
USGS_17092,Wyoming_Campbell,8.6,4.12,36.04,51.24,1.91,1168.3,73.0,7711.4
USGS_17093,WestVirginia_Boone,7.74,5.65,28.15,58.46,0.7,1232.0,279.8,7763.6
USGS_17094,Kentucky_Pike,7.83,22.51,30.41,39.25,1.37,1453.9,235.9,6311.2
USGS_17095,Pennsylvania_Greene,8.67,5.64,26.88,58.81,3.06,1155.5,50.6,7686.7
USGS_17096,Wyoming_Campbell,7.54,18.84,35.78,37.84,0.92,1340.3,304.7,6584.1
USGS_17097,Wyoming_Campbell,6.01,23.32,36.82,33.85,2.6,1325.3,232.0,6348.3
USGS_17098,Wyoming_Campbell,4.4,9.68,36.32,49.6,3.52,1145.9,266.7,7661.0
USGS_17099,Pennsylvania_Greene,9.57,11.78,35.34,43.31,2.71,1223.9,34.0,6979.4
USGS_17100,Pennsylvania_Greene,3.88,15.95,22.91,57.26,3.16,1313.9,166.4,7347.3
USGS_17101,Illinois_Saline,8.77,22.52,26.11,42.6,0.77,1171.1,222.6,6268.0
USGS_17102,Kentucky_Pike,3.95,23.78,29.28,42.99,1.25,1404.2,177.5,6606.1
USGS_17103,Illinois_Saline,8.07,19.53,25.94,46.46,3.44,1469.4,213.3,6591.2
USGS_17104,Kentucky_Pike,9.34,5.82,36.12,48.72,2.83,1181.6,257.2,7493.7
USGS_17105,Pennsylvania_Greene,3.8,18.05,25.9,52.25,2.57,1171.0,128.6,7143.0
USGS_17106,Pennsylvania_Greene,2.13,12.62,21.32,63.93,2.66,1272.9,266.1,7821.1
USGS_17107,Illinois_Saline,2.88,13.88,27.58,55.66,1.81,1384.2,67.2,7565.1
USGS_17108,WestVirginia_Boone,7.86,5.03,41.52,45.59,0.55,1207.0,98.6,7643.2
USGS_17109,Illinois_Saline,10.42,8.01,23.42,58.15,3.07,1107.6,32.6,7354.1
USGS_17110,Kentucky_Pike,1.97,20.6,32.69,44.74,2.71,1305.7,125.7,7030.3
USGS_17111,Illinois_Saline,9.21,13.53,28.39,48.87,2.01,1463.5,130.2,6951.8
USGS_17112,Wyoming_Campbell,5.08,10.33,19.7,64.89,3.46,1248.7,253.5,7737.9
USGS_17113,Kentucky_Pike,6.52,12.06,29.71,51.71,1.54,1259.7,209.4,7328.4
USGS_17114,Kentucky_Pike,11.25,21.94,34.85,31.96,1.4,1468.2,146.6,5963.8
USGS_17115,WestVirginia_Boone,4.99,19.73,30.32,44.96,3.37,1364.0,209.1,6829.8
USGS_17116,Pennsylvania_Greene,6.39,9.72,38.93,44.96,3.11,1373.3,35.3,7427.4
USGS_17117,Kentucky_Pike,1.64,6.47,24.93,66.96,2.15,1313.8,72.3,8343.4
USGS_17118,Pennsylvania_Greene,2.36,9.29,20.07,68.28,0.84,1470.4,201.8,8092.8
USGS_17119,Illinois_Saline,4.22,23.34,40.48,31.96,1.13,1361.8,206.0,6481.7
USGS_17120,Wyoming_Campbell,1.79,16.21,27.08,54.92,2.63,1440.1,244.5,7484.4
USGS_17121,WestVirginia_Boone,8.13,15.2,31.83,44.84,1.71,1365.8,136.9,6878.2
USGS_17122,Pennsylvania_Greene,5.98,16.52,37.01,40.49,3.24,1379.3,229.5,6920.2
USGS_17123,Kentucky_Pike,7.26,11.69,25.78,55.27,3.63,1210.4,218.4,7332.7
USGS_17124,Pennsylvania_Greene,3.33,20.95,35.19,40.53,3.14,1215.3,299.4,6834.9
USGS_17125,Kentucky_Pike,4.61,14.99,21.25,59.15,1.68,1397.5,82.4,7374.8
USGS_17126,Pennsylvania_Greene,8.47,6.45,24.99,60.09,3.08,1212.7,180.0,7661.3
USGS_17127,Kentucky_Pike,11.64,6.71,21.47,60.18,1.59,1313.9,194.5,7364.7
USGS_17128,Illinois_Saline,2.03,15.27,37.47,45.23,0.97,1194.8,309.6,7414.7
USGS_17129,Kentucky_Pike,10.85,23.67,23.34,42.14,0.51,1410.5,78.3,5996.6
USGS_17130,Kentucky_Pike,7.56,10.48,35.22,46.74,1.71,1142.0,171.7,7291.0
USGS_17131,Wyoming_Campbell,7.42,22.26,40.64,29.68,3.47,1415.2,120.4,6250.5
USGS_17132,Kentucky_Pike,6.75,20.05,30.67,42.53,1.21,1329.0,172.5,6622.8
USGS_17133,Wyoming_Campbell,2.23,9.2,30.96,57.61,1.1,1171.0,87.3,7982.7
USGS_17134,WestVirginia_Boone,2.44,4.76,29.06,63.74,3.7,1306.0,33.8,8357.4
USGS_17135,Wyoming_Campbell,7.81,6.14,25.82,60.23,0.49,1207.3,186.0,7743.4
USGS_17136,Illinois_Saline,5.08,19.3,29.42,46.2,3.07,1222.9,117.4,6867.8
USGS_17137,Wyoming_Campbell,11.13,8.19,32.47,48.21,1.49,1233.6,72.8,7159.4
USGS_17138,WestVirginia_Boone,5.77,11.8,41.66,40.77,0.53,1124.1,113.9,7281.9
USGS_17139,Illinois_Saline,3.0,14.54,40.51,41.95,3.52,1474.7,34.3,7342.5
USGS_17140,Pennsylvania_Greene,9.0,19.23,38.69,33.08,0.87,1112.0,295.6,6370.4
USGS_17141,Pennsylvania_Greene,4.58,6.38,39.34,49.7,2.28,1351.7,188.5,7884.0
USGS_17142,Wyoming_Campbell,7.02,12.53,29.23,51.22,1.33,1241.1,256.3,7244.7
USGS_17143,Wyoming_Campbell,8.83,14.19,33.78,43.2,0.62,1345.5,142.7,6869.7
USGS_17144,WestVirginia_Boone,10.95,15.36,39.48,34.21,0.57,1235.4,282.0,6491.0
USGS_17145,WestVirginia_Boone,9.82,21.19,27.43,41.56,0.79,1356.0,160.2,6258.9
USGS_17146,Kentucky_Pike,8.6,7.61,41.08,42.71,0.64,1377.1,186.4,7357.8
USGS_17147,WestVirginia_Boone,8.64,20.96,27.98,42.42,2.99,1362.4,162.6,6389.6
USGS_17148,Kentucky_Pike,11.43,18.55,32.43,37.59,2.05,1143.3,232.7,6259.6
USGS_17149,Illinois_Saline,4.61,15.67,35.04,44.68,1.57,1349.6,184.3,7152.2
USGS_17150,Wyoming_Campbell,1.51,18.69,40.81,38.99,1.82,1206.4,98.8,7139.3
USGS_17151,Illinois_Saline,4.36,12.65,23.87,59.12,3.56,1110.9,62.2,7565.0
USGS_17152,WestVirginia_Boone,3.79,6.91,35.91,53.39,3.5,1257.6,195.8,7959.6
USGS_17153,Illinois_Saline,8.45,17.98,30.5,43.07,2.83,1264.7,161.9,6628.7
USGS_17154,Illinois_Saline,8.15,15.02,24.45,52.38,3.41,1277.5,47.8,6979.9
USGS_17155,Illinois_Saline,7.73,17.43,36.64,38.2,1.49,1367.8,134.7,6673.2
USGS_17156,WestVirginia_Boone,1.67,11.1,31.25,55.98,1.7,1217.4,169.3,7875.6
USGS_17157,Illinois_Saline,9.15,23.04,33.86,33.95,2.49,1219.8,259.8,6093.3
USGS_17158,Kentucky_Pike,4.9,16.33,25.75,53.02,2.52,1123.0,42.1,7179.3
USGS_17159,WestVirginia_Boone,8.48,5.79,29.55,56.18,2.04,1361.0,121.1,7661.0
USGS_17160,Illinois_Saline,7.34,13.45,32.82,46.39,1.76,1315.8,258.6,7092.4
USGS_17161,WestVirginia_Boone,5.1,19.88,27.72,47.3,3.75,1232.8,208.0,6837.4
USGS_17162,Pennsylvania_Greene,2.91,20.68,22.76,53.65,3.19,1368.0,104.1,7048.8
USGS_17163,Kentucky_Pike,2.49,14.39,41.08,42.04,1.88,1304.2,265.1,7399.3
USGS_17164,Illinois_Saline,10.23,22.79,30.28,36.7,2.87,1278.3,163.1,6049.3
USGS_17165,Pennsylvania_Greene,11.14,9.62,35.61,43.63,1.32,1294.3,164.5,7000.6
USGS_17166,Pennsylvania_Greene,8.32,12.62,27.87,51.19,0.74,1341.8,303.2,7123.5
USGS_17167,WestVirginia_Boone,2.59,22.87,26.52,48.02,1.6,1350.8,294.7,6851.7
USGS_17168,Pennsylvania_Greene,5.72,22.82,27.77,43.69,1.77,1209.8,124.0,6527.9
USGS_17169,Kentucky_Pike,9.15,18.4,27.82,44.63,0.46,1153.5,60.8,6555.6
USGS_17170,Kentucky_Pike,9.69,22.04,31.06,37.21,3.17,1159.5,114.4,6156.9
USGS_17171,Wyoming_Campbell,2.74,5.86,31.04,60.36,1.62,1343.0,28.8,8211.3
USGS_17172,Kentucky_Pike,1.5,22.16,29.93,46.41,2.37,1431.7,26.0,6979.4
USGS_17173,Pennsylvania_Greene,8.98,10.73,21.23,59.06,0.65,1255.6,134.7,7295.9
USGS_17174,Kentucky_Pike,5.24,7.74,29.91,57.11,0.99,1164.4,292.9,7816.9
USGS_17175,WestVirginia_Boone,4.17,9.03,22.06,64.74,3.42,1387.5,272.7,7909.8
USGS_17176,Wyoming_Campbell,1.64,12.78,21.03,64.55,2.47,1416.3,168.3,7860.1
USGS_17177,Pennsylvania_Greene,7.17,9.28,40.38,43.17,3.63,1434.6,183.9,7368.9
USGS_17178,Wyoming_Campbell,10.44,10.73,32.52,46.31,3.8,1330.6,21.7,7014.4
USGS_17179,Pennsylvania_Greene,11.56,6.83,33.83,47.78,1.66,1427.1,82.5,7214.3
USGS_17180,WestVirginia_Boone,7.44,10.22,27.64,54.7,1.42,1105.9,27.2,7415.8
USGS_17181,Wyoming_Campbell,6.9,16.02,39.82,37.26,3.32,1140.7,238.8,6836.5
USGS_17182,Illinois_Saline,2.39,13.28,33.31,51.02,3.8,1135.2,62.2,7595.8
USGS_17183,Pennsylvania_Greene,7.26,11.28,36.46,45.0,2.54,1370.8,272.0,7239.0
USGS_17184,Illinois_Saline,5.49,19.68,26.85,47.98,3.1,1126.4,206.6,6825.7
USGS_17185,Wyoming_Campbell,7.87,22.76,41.04,28.33,3.06,1288.6,86.5,6158.7
USGS_17186,Illinois_Saline,5.58,19.89,37.69,36.84,1.61,1279.6,65.7,6669.0
USGS_17187,Illinois_Saline,4.02,10.97,38.49,46.52,2.35,1218.1,202.0,7564.6
USGS_17188,Wyoming_Campbell,2.5,19.63,22.13,55.74,3.23,1430.8,281.2,7185.5
USGS_17189,WestVirginia_Boone,4.81,7.19,24.5,63.5,2.74,1164.8,228.3,7971.0
USGS_17190,Illinois_Saline,2.51,6.74,24.86,65.89,0.47,1233.9,121.1,8234.5
USGS_17191,Illinois_Saline,3.36,11.26,24.5,60.88,1.54,1394.2,190.3,7774.2
USGS_17192,WestVirginia_Boone,11.87,20.96,38.53,28.64,0.89,1111.6,110.1,5940.0
USGS_17193,Illinois_Saline,6.16,9.17,18.77,65.9,1.19,1355.7,309.8,7738.5
USGS_17194,Illinois_Saline,7.08,5.33,19.83,67.76,3.48,1410.2,237.2,7956.3
USGS_17195,Illinois_Saline,10.67,6.77,24.57,57.99,0.53,1454.3,198.2,7419.5
USGS_17196,Kentucky_Pike,11.95,22.03,22.8,43.22,1.15,1433.0,142.7,6030.9
USGS_17197,WestVirginia_Boone,7.62,17.31,23.56,51.51,1.45,1221.4,199.3,6851.2
USGS_17198,Illinois_Saline,10.03,9.32,37.15,43.5,2.5,1322.8,119.1,7118.3
USGS_17199,WestVirginia_Boone,4.93,15.66,31.52,47.89,2.22,1129.4,28.4,7163.3
USGS_17200,Pennsylvania_Greene,4.71,15.08,18.14,62.07,1.14,1198.0,134.6,7394.6
USGS_17201,Pennsylvania_Greene,5.73,17.76,28.3,48.21,0.96,1135.8,289.8,6945.6
USGS_17202,Illinois_Saline,8.56,8.9,27.79,54.75,1.21,1219.8,201.6,7412.9
USGS_17203,WestVirginia_Boone,8.66,22.15,20.73,48.46,2.11,1432.6,44.3,6374.6
USGS_17204,WestVirginia_Boone,4.81,10.5,34.23,50.46,1.32,1231.9,276.6,7576.2
USGS_17205,WestVirginia_Boone,2.9,18.58,34.85,43.67,3.62,1313.5,98.0,7081.1
USGS_17206,Kentucky_Pike,8.14,4.34,35.3,52.22,1.98,1264.7,90.7,7747.8
USGS_17207,Pennsylvania_Greene,2.85,11.83,35.48,49.84,0.6,1274.4,106.2,7645.5
USGS_17208,WestVirginia_Boone,7.57,11.39,18.0,63.04,2.88,1468.4,187.4,7420.2
USGS_17209,WestVirginia_Boone,8.78,15.41,40.89,34.92,1.52,1212.5,178.0,6686.9
USGS_17210,Kentucky_Pike,8.86,5.53,37.54,48.07,2.62,1338.4,162.5,7549.0
USGS_17211,Kentucky_Pike,9.41,20.59,39.7,30.3,1.35,1259.6,228.1,6203.0
USGS_17212,WestVirginia_Boone,10.67,8.57,18.38,62.38,2.34,1123.2,111.8,7342.6
USGS_17213,Wyoming_Campbell,6.75,18.22,40.41,34.62,3.03,1285.9,246.8,6659.6
USGS_17214,WestVirginia_Boone,9.17,20.87,37.43,32.53,3.56,1409.1,70.8,6230.8
USGS_17215,WestVirginia_Boone,8.0,15.8,38.09,38.11,1.29,1137.5,247.0,6765.7
USGS_17216,Kentucky_Pike,3.46,19.56,20.24,56.74,1.54,1126.4,212.5,7118.1
USGS_17217,Kentucky_Pike,1.77,17.9,35.73,44.6,1.98,1158.4,218.1,7240.6
USGS_17218,WestVirginia_Boone,4.49,11.47,41.04,43.0,3.55,1390.5,159.7,7445.0
USGS_17219,WestVirginia_Boone,6.15,20.99,34.29,38.57,3.46,1375.1,213.4,6560.4
USGS_17220,WestVirginia_Boone,7.98,10.19,31.69,50.14,0.71,1314.7,43.1,7315.8
USGS_17221,Kentucky_Pike,10.42,16.0,40.7,32.88,0.85,1277.9,266.9,6475.6
USGS_17222,WestVirginia_Boone,3.56,19.65,28.63,48.16,2.08,1437.6,36.1,6999.8
USGS_17223,WestVirginia_Boone,2.82,11.96,32.38,52.84,0.76,1391.3,63.1,7674.8
USGS_17224,Illinois_Saline,11.62,10.36,29.43,48.59,1.57,1408.5,187.3,6964.6
USGS_17225,Wyoming_Campbell,2.63,13.65,40.39,43.33,0.9,1409.0,234.4,7455.7
USGS_17226,Pennsylvania_Greene,6.52,21.18,19.83,52.47,2.56,1344.2,42.1,6680.9
USGS_17227,Wyoming_Campbell,7.65,23.53,30.03,38.79,3.63,1274.0,287.0,6248.1
USGS_17228,Illinois_Saline,7.18,15.45,34.49,42.88,3.79,1428.6,302.3,6920.3
USGS_17229,Pennsylvania_Greene,2.4,17.89,37.01,42.7,1.68,1451.9,195.7,7163.1
USGS_17230,WestVirginia_Boone,2.1,22.97,31.99,42.94,2.44,1109.0,159.6,6826.6
USGS_17231,Illinois_Saline,2.61,6.07,39.81,51.51,3.31,1119.6,235.0,8101.4
USGS_17232,WestVirginia_Boone,7.65,8.87,40.61,42.87,0.8,1464.3,115.2,7352.6
USGS_17233,Kentucky_Pike,7.22,18.89,19.54,54.35,2.74,1205.3,163.0,6806.8
USGS_17234,Illinois_Saline,3.95,21.3,27.66,47.09,1.79,1431.9,285.7,6833.9
USGS_17235,Kentucky_Pike,8.2,22.0,18.56,51.24,1.1,1247.7,297.1,6459.3
USGS_17236,Illinois_Saline,10.11,12.72,25.91,51.26,1.77,1145.3,288.9,6959.6
USGS_17237,Illinois_Saline,1.94,5.88,30.88,61.3,0.66,1130.6,96.1,8291.5
USGS_17238,Kentucky_Pike,6.73,13.19,39.86,40.22,2.76,1159.5,87.4,7090.7
USGS_17239,Pennsylvania_Greene,8.74,8.85,38.32,44.09,1.26,1195.0,106.3,7272.8
USGS_17240,Wyoming_Campbell,4.15,10.12,21.06,64.67,1.46,1285.6,148.0,7832.2
USGS_17241,WestVirginia_Boone,4.73,20.22,20.23,54.82,0.81,1366.6,111.1,6935.8
USGS_17242,Illinois_Saline,7.94,5.59,32.14,54.33,3.34,1474.8,128.5,7700.8
USGS_17243,WestVirginia_Boone,10.93,21.38,30.77,36.92,2.08,1267.8,200.0,6091.8
USGS_17244,Kentucky_Pike,10.0,12.98,24.39,52.63,2.35,1296.9,241.1,6967.0
USGS_17245,WestVirginia_Boone,7.62,16.52,39.59,36.27,2.34,1298.3,233.3,6725.2
USGS_17246,Kentucky_Pike,9.17,5.88,40.26,44.69,1.8,1305.0,256.2,7456.0
USGS_17247,WestVirginia_Boone,5.33,11.08,27.66,55.93,1.05,1296.7,29.3,7554.4
USGS_17248,Wyoming_Campbell,8.23,5.88,39.37,46.52,2.93,1103.3,33.8,7560.6
USGS_17249,Wyoming_Campbell,6.39,24.19,27.21,42.21,0.83,1100.7,248.9,6352.5
USGS_17250,Wyoming_Campbell,3.49,20.95,35.68,39.88,0.75,1137.1,174.6,6813.0
USGS_17251,Wyoming_Campbell,8.87,13.65,29.42,48.06,2.81,1138.6,187.7,6963.4
USGS_17252,Wyoming_Campbell,7.34,8.7,20.94,63.02,1.11,1367.9,35.3,7633.9
USGS_17253,Wyoming_Campbell,5.27,23.6,40.27,30.86,1.44,1177.9,94.0,6357.4
USGS_17254,Kentucky_Pike,11.07,11.24,28.9,48.79,2.02,1440.0,205.1,6952.0
USGS_17255,Illinois_Saline,1.72,7.38,35.63,55.27,1.93,1452.9,269.2,8130.5
USGS_17256,WestVirginia_Boone,4.82,15.83,26.81,52.54,2.81,1470.8,285.9,7216.6
USGS_17257,Wyoming_Campbell,2.1,23.82,18.45,55.63,2.52,1456.9,165.1,6917.7
USGS_17258,Kentucky_Pike,9.55,4.08,20.41,65.96,2.59,1203.3,178.2,7807.4
USGS_17259,Kentucky_Pike,8.87,9.0,29.91,52.22,2.83,1293.7,261.6,7348.1
USGS_17260,Kentucky_Pike,4.98,23.71,34.56,36.75,1.39,1166.7,175.9,6445.6
USGS_17261,Illinois_Saline,8.59,7.59,26.03,57.79,1.5,1406.4,169.9,7541.1
USGS_17262,WestVirginia_Boone,5.66,6.38,34.69,53.27,1.89,1437.6,282.5,7831.8
USGS_17263,Illinois_Saline,9.44,15.97,34.77,39.82,1.45,1423.5,249.1,6647.3
USGS_17264,Pennsylvania_Greene,6.27,22.1,34.89,36.74,3.75,1264.7,283.6,6447.9
USGS_17265,Kentucky_Pike,5.83,14.02,29.82,50.33,3.17,1388.3,83.3,7231.5
USGS_17266,Pennsylvania_Greene,11.31,24.89,39.96,23.84,0.96,1137.1,172.1,5648.7
USGS_17267,Wyoming_Campbell,4.13,18.26,29.74,47.87,0.42,1115.3,264.3,7046.3
USGS_17268,Wyoming_Campbell,2.76,5.56,28.81,62.87,0.55,1386.2,52.2,8261.2
USGS_17269,Illinois_Saline,7.64,24.85,22.79,44.72,1.23,1261.6,250.5,6225.1
USGS_17270,WestVirginia_Boone,11.68,12.57,25.38,50.37,0.79,1478.3,73.1,6821.6
USGS_17271,Pennsylvania_Greene,5.47,10.04,19.02,65.47,2.21,1137.0,254.4,7731.4
USGS_17272,WestVirginia_Boone,2.15,15.72,33.2,48.93,3.32,1425.1,197.5,7416.1
USGS_17273,Illinois_Saline,5.06,10.39,23.96,60.59,2.9,1282.4,76.0,7683.7
USGS_17274,Wyoming_Campbell,6.81,5.82,25.3,62.07,1.13,1414.3,157.3,7876.5
USGS_17275,WestVirginia_Boone,3.2,4.03,36.5,56.27,1.76,1410.5,217.8,8253.5
USGS_17276,WestVirginia_Boone,8.41,13.44,25.85,52.3,2.13,1448.1,203.8,7069.8
USGS_17277,Wyoming_Campbell,11.98,21.57,23.81,42.64,3.15,1213.2,143.9,6054.4
USGS_17278,Pennsylvania_Greene,6.24,16.02,22.06,55.68,3.25,1460.9,280.8,7115.6
USGS_17279,Wyoming_Campbell,5.22,24.98,36.6,33.2,3.49,1157.6,170.6,6290.5
USGS_17280,WestVirginia_Boone,5.71,10.02,21.11,63.16,2.13,1131.1,166.7,7684.0
USGS_17281,Pennsylvania_Greene,2.71,9.89,28.89,58.51,2.76,1264.0,38.1,7901.6
USGS_17282,Pennsylvania_Greene,10.77,7.35,30.17,51.71,0.78,1414.8,287.4,7293.6
USGS_17283,Wyoming_Campbell,5.86,7.45,34.5,52.19,2.32,1279.9,71.4,7724.2
USGS_17284,WestVirginia_Boone,5.57,9.99,33.2,51.24,1.25,1415.1,173.2,7555.4
USGS_17285,Illinois_Saline,8.43,20.65,37.46,33.46,1.87,1377.3,253.0,6322.9
USGS_17286,WestVirginia_Boone,6.14,23.02,19.07,51.77,2.56,1179.6,82.5,6573.5
USGS_17287,Kentucky_Pike,8.31,24.48,25.11,42.1,1.27,1460.6,172.9,6161.4
USGS_17288,Illinois_Saline,2.15,8.88,24.72,64.25,0.58,1123.1,89.8,8092.4
USGS_17289,Pennsylvania_Greene,10.04,22.51,21.5,45.95,0.43,1441.3,240.3,6197.2
USGS_17290,Illinois_Saline,11.38,10.89,24.94,52.79,0.48,1215.7,183.7,6998.0
USGS_17291,Pennsylvania_Greene,8.31,6.37,25.43,59.89,0.43,1290.1,268.2,7678.8
USGS_17292,Pennsylvania_Greene,11.52,22.27,30.53,35.68,0.78,1260.5,279.4,5961.0
USGS_17293,Illinois_Saline,3.09,17.36,33.93,45.62,1.21,1165.3,208.1,7175.6
USGS_17294,Pennsylvania_Greene,6.51,7.46,27.15,58.88,1.15,1236.1,230.4,7746.6
USGS_17295,Pennsylvania_Greene,7.82,13.03,35.27,43.88,3.76,1173.3,179.3,7050.2
USGS_17296,Kentucky_Pike,7.61,10.03,26.07,56.29,1.44,1177.5,131.5,7433.6
USGS_17297,WestVirginia_Boone,5.72,19.47,24.97,49.84,0.83,1171.1,208.0,6842.9
USGS_17298,WestVirginia_Boone,5.05,13.52,30.99,50.44,2.25,1285.8,283.4,7337.4
USGS_17299,Kentucky_Pike,2.83,24.77,18.57,53.83,3.32,1403.2,140.8,6763.5
USGS_17300,Illinois_Saline,5.61,5.15,19.91,69.33,2.71,1316.2,111.2,8117.5
USGS_17301,Wyoming_Campbell,3.21,11.46,28.03,57.3,1.41,1439.4,132.6,7730.0
USGS_17302,Wyoming_Campbell,9.21,14.12,40.63,36.04,2.31,1341.9,146.3,6755.4
USGS_17303,Wyoming_Campbell,3.69,14.57,35.32,46.42,2.83,1361.9,41.3,7333.3
USGS_17304,Kentucky_Pike,2.11,10.63,20.12,67.14,2.88,1353.7,164.5,8004.6
USGS_17305,Kentucky_Pike,7.3,19.31,38.31,35.08,2.67,1270.8,163.4,6538.2
USGS_17306,Pennsylvania_Greene,7.75,22.37,35.58,34.3,3.36,1361.9,190.6,6269.0
USGS_17307,Wyoming_Campbell,10.66,23.71,32.66,32.97,3.36,1126.5,125.2,5900.4
USGS_17308,Illinois_Saline,7.56,20.91,37.69,33.84,2.37,1426.7,197.8,6385.3
USGS_17309,Illinois_Saline,5.13,21.86,27.7,45.31,1.86,1395.6,274.7,6668.4
USGS_17310,Wyoming_Campbell,9.93,15.56,23.32,51.19,2.58,1193.2,297.1,6770.1
USGS_17311,Wyoming_Campbell,7.17,21.34,30.29,41.2,3.18,1391.9,189.2,6477.0
USGS_17312,Wyoming_Campbell,2.33,10.37,31.17,56.13,0.42,1104.8,32.4,7871.9
USGS_17313,Kentucky_Pike,7.44,12.37,30.92,49.27,3.77,1182.6,301.1,7195.9
USGS_17314,Kentucky_Pike,11.03,10.66,31.56,46.75,1.02,1124.8,224.7,6972.8
USGS_17315,Kentucky_Pike,5.66,13.82,40.77,39.75,2.0,1396.5,117.4,7133.9
USGS_17316,WestVirginia_Boone,4.61,10.0,39.65,45.74,3.36,1387.2,62.7,7573.2
USGS_17317,Illinois_Saline,3.01,24.19,39.02,33.78,1.17,1409.2,61.6,6548.8
USGS_17318,Illinois_Saline,3.09,10.57,37.23,49.11,2.02,1101.7,68.6,7706.4
USGS_17319,Pennsylvania_Greene,6.04,6.06,40.64,47.26,0.85,1290.5,33.2,7749.3
USGS_17320,Kentucky_Pike,7.75,15.06,20.36,56.83,1.74,1367.8,281.6,7065.6
USGS_17321,WestVirginia_Boone,2.35,5.2,24.36,68.09,1.0,1159.1,176.8,8385.9
USGS_17322,WestVirginia_Boone,11.37,6.32,29.88,52.43,1.64,1346.9,223.0,7323.6
USGS_17323,Illinois_Saline,9.43,8.61,38.32,43.64,1.67,1132.0,260.2,7223.9
USGS_17324,Kentucky_Pike,7.66,13.75,30.12,48.47,3.78,1168.9,249.5,7067.6
USGS_17325,Pennsylvania_Greene,10.2,13.1,35.95,40.75,3.78,1280.8,276.0,6798.2
USGS_17326,Kentucky_Pike,2.34,20.79,21.34,55.53,0.79,1348.4,300.5,7113.6
USGS_17327,Wyoming_Campbell,6.51,19.53,24.06,49.9,2.87,1155.4,147.3,6769.8
USGS_17328,Kentucky_Pike,8.12,12.95,35.56,43.37,0.58,1170.4,295.6,7023.5
USGS_17329,Wyoming_Campbell,10.2,11.01,21.95,56.84,0.5,1177.7,229.8,7141.8
USGS_17330,Wyoming_Campbell,9.73,10.65,26.43,53.19,0.76,1190.7,40.5,7165.2
USGS_17331,Pennsylvania_Greene,4.41,20.25,24.36,50.98,3.68,1186.1,217.7,6915.7
USGS_17332,Illinois_Saline,11.38,5.09,26.4,57.13,3.6,1250.2,219.1,7467.6
USGS_17333,Kentucky_Pike,2.81,4.27,35.0,57.92,1.06,1348.4,282.7,8290.3
USGS_17334,Wyoming_Campbell,10.69,20.71,26.83,41.77,0.95,1266.5,128.2,6219.4
USGS_17335,Kentucky_Pike,11.69,14.02,31.33,42.96,1.22,1394.9,189.6,6627.4
USGS_17336,Illinois_Saline,3.36,6.75,20.4,69.49,2.15,1373.3,23.5,8202.2
USGS_17337,Illinois_Saline,9.08,8.95,37.32,44.65,2.34,1148.1,116.3,7242.4
USGS_17338,WestVirginia_Boone,1.92,23.58,26.88,47.62,1.15,1118.6,38.1,6854.7
USGS_17339,Illinois_Saline,5.76,22.05,33.56,38.63,2.97,1433.6,171.3,6519.1
USGS_17340,Pennsylvania_Greene,6.92,18.91,35.41,38.76,1.45,1130.3,257.1,6644.6
USGS_17341,Wyoming_Campbell,7.6,14.13,23.03,55.24,3.54,1156.4,79.9,7126.7
USGS_17342,WestVirginia_Boone,11.33,14.93,39.23,34.51,2.63,1108.4,173.0,6492.1
USGS_17343,Pennsylvania_Greene,8.56,24.48,32.79,34.17,1.88,1338.8,79.2,6044.2
USGS_17344,Kentucky_Pike,6.55,24.28,28.29,40.88,3.09,1321.3,55.0,6316.0
USGS_17345,Wyoming_Campbell,10.0,8.52,22.38,59.1,3.18,1475.0,168.2,7365.8
USGS_17346,Illinois_Saline,11.48,21.03,40.62,26.87,1.39,1437.0,43.0,5948.0
USGS_17347,Wyoming_Campbell,1.73,8.14,36.12,54.01,1.56,1256.1,190.3,8059.8
USGS_17348,Kentucky_Pike,11.82,8.48,22.99,56.71,3.58,1241.2,29.1,7179.8
USGS_17349,WestVirginia_Boone,2.4,18.2,26.11,53.29,0.96,1212.8,50.9,7267.9
USGS_17350,WestVirginia_Boone,10.05,12.51,37.43,40.01,0.54,1157.9,179.5,6845.0
USGS_17351,WestVirginia_Boone,4.44,23.56,34.7,37.3,1.94,1152.5,191.5,6510.6
USGS_17352,Illinois_Saline,2.89,5.87,36.38,54.86,3.12,1150.3,28.4,8131.4
USGS_17353,Pennsylvania_Greene,6.12,14.74,28.59,50.55,3.02,1143.4,186.3,7156.8
USGS_17354,Pennsylvania_Greene,8.26,23.29,35.2,33.25,3.53,1191.4,263.2,6145.2
USGS_17355,Wyoming_Campbell,5.5,22.99,27.28,44.23,2.21,1216.5,229.5,6541.5
USGS_17356,Illinois_Saline,2.07,7.29,23.07,67.57,0.74,1465.4,58.0,8253.8
USGS_17357,WestVirginia_Boone,7.79,11.7,33.18,47.33,2.4,1319.8,191.8,7190.0
USGS_17358,WestVirginia_Boone,10.98,17.0,41.42,30.6,3.05,1475.3,215.0,6327.0
USGS_17359,Kentucky_Pike,5.52,7.35,25.45,61.68,0.72,1241.5,30.8,7875.2
USGS_17360,Kentucky_Pike,3.77,24.33,29.06,42.84,0.99,1273.9,268.1,6580.6
USGS_17361,WestVirginia_Boone,6.15,23.21,34.18,36.46,0.44,1223.3,282.8,6375.2
USGS_17362,WestVirginia_Boone,2.01,7.51,31.0,59.48,2.42,1169.5,266.6,8146.2
USGS_17363,Illinois_Saline,10.12,6.54,38.24,45.1,3.41,1154.4,259.1,7329.8
USGS_17364,Pennsylvania_Greene,10.18,5.79,36.28,47.75,2.68,1459.1,236.0,7410.3
USGS_17365,Kentucky_Pike,7.67,23.1,19.4,49.83,3.74,1475.0,203.7,6409.8
USGS_17366,Pennsylvania_Greene,5.21,8.07,41.96,44.76,0.61,1117.1,216.8,7647.6
USGS_17367,Illinois_Saline,9.9,12.74,36.06,41.3,3.47,1157.1,253.9,6857.1
USGS_17368,WestVirginia_Boone,7.32,13.43,38.73,40.52,3.17,1260.9,212.1,7025.1
USGS_17369,Pennsylvania_Greene,10.17,16.58,33.63,39.62,1.47,1170.8,115.0,6536.7
USGS_17370,WestVirginia_Boone,8.13,5.51,38.55,47.81,3.71,1238.3,129.0,7611.6
USGS_17371,WestVirginia_Boone,9.74,8.76,20.7,60.8,1.38,1149.1,280.1,7391.8
USGS_17372,Wyoming_Campbell,7.78,23.56,26.35,42.31,3.42,1273.5,25.0,6276.8
USGS_17373,Pennsylvania_Greene,5.85,23.08,39.03,32.04,3.39,1203.2,222.7,6357.9
USGS_17374,Pennsylvania_Greene,11.56,20.41,22.84,45.19,2.98,1233.7,296.9,6205.5
USGS_17375,WestVirginia_Boone,7.18,4.41,19.88,68.53,2.32,1135.8,224.8,8023.0
USGS_17376,Illinois_Saline,7.85,10.87,36.91,44.37,0.81,1262.7,308.2,7209.0
USGS_17377,Wyoming_Campbell,3.82,17.19,38.05,40.94,2.21,1473.6,219.4,7067.4
USGS_17378,WestVirginia_Boone,8.07,9.78,21.9,60.25,1.61,1225.0,30.0,7458.7
USGS_17379,Kentucky_Pike,7.5,23.1,38.5,30.9,3.09,1433.0,259.8,6197.6
USGS_17380,Kentucky_Pike,3.44,17.31,34.48,44.77,2.98,1420.4,102.5,7138.2
USGS_17381,Wyoming_Campbell,2.13,5.51,30.48,61.88,3.5,1461.8,149.4,8308.4
USGS_17382,Illinois_Saline,7.85,23.09,37.93,31.13,0.45,1400.2,110.5,6170.3
USGS_17383,WestVirginia_Boone,9.52,24.11,28.06,38.31,3.15,1350.6,97.9,6036.0
USGS_17384,Pennsylvania_Greene,7.0,5.63,22.66,64.71,3.59,1425.5,145.1,7905.2
USGS_17385,Wyoming_Campbell,3.88,15.18,24.84,56.1,3.08,1128.7,129.8,7388.8
USGS_17386,Illinois_Saline,8.5,10.37,30.12,51.01,0.84,1275.9,203.7,7267.5
USGS_17387,Pennsylvania_Greene,2.34,12.25,30.75,54.66,0.68,1475.9,255.8,7718.0
USGS_17388,Kentucky_Pike,6.14,7.77,37.33,48.76,0.47,1392.4,106.2,7635.4
USGS_17389,Kentucky_Pike,3.22,16.14,36.99,43.65,2.54,1465.6,82.0,7228.4
USGS_17390,Pennsylvania_Greene,3.44,24.12,31.95,40.49,2.54,1396.3,213.4,6596.5
USGS_17391,Wyoming_Campbell,3.62,14.56,36.74,45.08,3.76,1432.5,214.4,7324.1
USGS_17392,Kentucky_Pike,5.56,5.74,22.6,66.1,1.75,1368.5,281.3,8040.6
USGS_17393,WestVirginia_Boone,2.04,17.02,19.2,61.74,1.53,1389.0,24.6,7485.9
USGS_17394,Pennsylvania_Greene,5.68,11.14,38.97,44.21,2.52,1298.8,267.4,7378.6
USGS_17395,Pennsylvania_Greene,6.87,21.97,19.81,51.35,3.21,1451.2,171.1,6579.8
USGS_17396,Kentucky_Pike,6.57,13.13,23.92,56.38,3.59,1413.5,200.2,7303.0
USGS_17397,Wyoming_Campbell,5.52,8.05,34.69,51.74,3.13,1420.7,46.5,7705.5
USGS_17398,WestVirginia_Boone,10.31,8.01,27.83,53.85,1.85,1355.7,145.5,7312.2
USGS_17399,Wyoming_Campbell,3.03,20.14,39.03,37.8,2.56,1215.7,85.9,6886.9
USGS_17400,Illinois_Saline,6.81,9.58,25.15,58.46,3.31,1113.5,93.7,7562.5
USGS_17401,Illinois_Saline,2.15,20.11,18.28,59.46,2.07,1455.5,166.2,7226.4
USGS_17402,Kentucky_Pike,2.25,8.32,25.22,64.21,1.14,1322.7,255.6,8123.5
USGS_17403,Kentucky_Pike,7.53,10.76,31.87,49.84,0.98,1213.3,235.7,7310.7
USGS_17404,Kentucky_Pike,7.44,13.78,27.02,51.76,0.4,1156.7,191.4,7124.2
USGS_17405,Illinois_Saline,10.72,23.81,30.84,34.63,2.84,1415.2,176.4,5907.9
USGS_17406,Wyoming_Campbell,7.36,23.57,39.04,30.03,0.78,1417.9,143.9,6165.6
USGS_17407,Wyoming_Campbell,11.58,8.34,39.9,40.18,1.23,1409.5,302.1,7012.6
USGS_17408,Kentucky_Pike,2.01,11.52,24.38,62.09,1.41,1345.1,182.5,7888.8
USGS_17409,WestVirginia_Boone,2.53,7.14,29.09,61.24,2.31,1239.1,93.7,8148.2
USGS_17410,Wyoming_Campbell,1.96,14.71,31.18,52.15,1.75,1215.5,86.7,7544.2
USGS_17411,Illinois_Saline,3.45,13.67,40.78,42.1,2.69,1103.3,197.3,7367.4
USGS_17412,Pennsylvania_Greene,7.18,22.92,41.97,27.93,0.59,1416.8,171.6,6203.1
USGS_17413,Pennsylvania_Greene,8.28,23.53,23.65,44.54,0.82,1133.2,22.2,6261.7
USGS_17414,Pennsylvania_Greene,1.98,12.05,35.45,50.52,2.1,1339.7,260.7,7714.4
USGS_17415,WestVirginia_Boone,11.43,14.33,27.07,47.17,1.55,1291.5,224.2,6678.4
USGS_17416,Kentucky_Pike,10.34,22.82,18.19,48.65,1.41,1300.1,211.9,6180.8
USGS_17417,Illinois_Saline,4.61,20.94,18.22,56.23,0.63,1452.2,39.9,6911.4
USGS_17418,WestVirginia_Boone,2.31,4.08,29.05,64.56,3.45,1112.0,125.0,8427.7
USGS_17419,Illinois_Saline,3.28,10.72,29.72,56.28,2.75,1393.9,291.3,7764.9
USGS_17420,Illinois_Saline,2.83,12.86,18.54,65.77,0.81,1119.8,270.2,7764.3
USGS_17421,Kentucky_Pike,2.79,8.82,34.49,53.9,0.62,1114.5,102.8,7916.2
USGS_17422,Pennsylvania_Greene,6.94,8.19,25.06,59.81,3.71,1263.3,65.5,7667.3
USGS_17423,Kentucky_Pike,4.08,4.79,31.44,59.69,2.72,1124.0,150.2,8162.4
USGS_17424,WestVirginia_Boone,5.26,17.51,25.22,52.01,1.82,1399.9,123.2,7050.5
USGS_17425,WestVirginia_Boone,11.89,9.51,22.01,56.59,2.79,1301.2,217.8,7098.0
USGS_17426,WestVirginia_Boone,8.69,5.1,27.77,58.44,2.97,1111.0,300.3,7719.4
USGS_17427,Kentucky_Pike,11.46,8.85,23.57,56.12,3.05,1115.4,125.3,7177.8
USGS_17428,Illinois_Saline,3.0,20.84,30.84,45.32,2.02,1332.8,38.0,6929.4
USGS_17429,Illinois_Saline,5.51,21.88,22.77,49.84,1.86,1406.3,280.3,6687.8
USGS_17430,Wyoming_Campbell,7.32,14.14,30.2,48.34,0.44,1266.4,31.0,7067.8
USGS_17431,WestVirginia_Boone,2.31,12.74,21.78,63.17,3.55,1310.7,296.3,7787.5
USGS_17432,Illinois_Saline,1.54,24.53,34.1,39.83,2.45,1403.9,212.7,6726.3
USGS_17433,Wyoming_Campbell,8.54,8.21,36.09,47.16,1.09,1332.0,293.1,7373.3
USGS_17434,Illinois_Saline,8.24,8.52,20.65,62.59,3.53,1185.4,77.9,7562.5
USGS_17435,WestVirginia_Boone,5.81,10.13,29.23,54.83,3.51,1333.0,31.8,7567.3
USGS_17436,Pennsylvania_Greene,6.64,7.63,19.7,66.03,3.76,1338.7,161.6,7808.7
USGS_17437,WestVirginia_Boone,5.86,11.97,32.36,49.81,3.37,1379.0,150.7,7370.2
USGS_17438,Kentucky_Pike,1.75,23.13,24.35,50.77,3.79,1335.9,116.1,6939.9
USGS_17439,Illinois_Saline,5.02,16.92,30.66,47.4,1.23,1468.3,297.7,7058.8
USGS_17440,Illinois_Saline,3.36,12.65,30.42,53.57,3.26,1175.0,258.5,7586.4
USGS_17441,Kentucky_Pike,2.53,23.62,40.18,33.67,3.2,1461.4,211.9,6630.8
USGS_17442,Kentucky_Pike,11.55,5.02,31.18,52.25,1.19,1304.6,67.2,7399.2
USGS_17443,Pennsylvania_Greene,7.79,8.42,31.99,51.8,0.73,1355.3,233.0,7479.8
USGS_17444,Illinois_Saline,9.15,15.88,27.64,47.33,3.73,1137.8,230.8,6769.4
USGS_17445,Illinois_Saline,4.81,16.93,40.78,37.48,1.41,1244.6,143.3,6957.5
USGS_17446,Pennsylvania_Greene,5.63,4.83,36.65,52.89,3.36,1392.4,288.2,7941.5
USGS_17447,Wyoming_Campbell,3.99,12.46,24.85,58.7,0.41,1368.6,68.4,7606.2
USGS_17448,Pennsylvania_Greene,2.52,17.63,38.26,41.59,0.47,1115.3,97.5,7158.0
USGS_17449,WestVirginia_Boone,3.38,18.66,28.38,49.58,1.98,1307.7,38.3,7104.0
USGS_17450,Illinois_Saline,9.87,17.4,37.89,34.84,1.21,1133.5,250.7,6446.7
USGS_17451,Kentucky_Pike,8.61,10.73,37.75,42.91,2.75,1478.4,200.3,7134.7
USGS_17452,WestVirginia_Boone,7.24,5.96,22.53,64.27,2.32,1441.0,111.3,7855.0
USGS_17453,Illinois_Saline,6.49,12.97,34.83,45.71,0.66,1108.0,67.5,7193.6
USGS_17454,Pennsylvania_Greene,11.19,6.7,24.98,57.13,0.95,1426.3,31.6,7368.4
USGS_17455,WestVirginia_Boone,2.26,23.9,25.14,48.7,1.72,1449.4,68.4,6814.7
USGS_17456,Illinois_Saline,4.45,13.98,25.11,56.46,1.03,1234.3,151.5,7429.4
USGS_17457,Wyoming_Campbell,5.17,10.66,35.41,48.76,3.09,1373.4,91.7,7512.6
USGS_17458,Wyoming_Campbell,9.72,20.09,23.52,46.67,1.81,1268.0,95.1,6408.2
USGS_17459,Kentucky_Pike,11.92,14.46,18.02,55.6,0.72,1349.0,273.9,6727.1
USGS_17460,Illinois_Saline,4.03,10.51,35.17,50.29,2.05,1229.3,169.4,7642.1
USGS_17461,Wyoming_Campbell,10.68,21.05,22.11,46.16,0.71,1222.6,231.5,6248.5
USGS_17462,Pennsylvania_Greene,10.22,22.21,20.51,47.06,0.84,1261.3,30.4,6216.2
USGS_17463,Illinois_Saline,3.86,18.13,23.7,54.31,1.21,1155.3,125.9,7156.7
USGS_17464,Pennsylvania_Greene,5.69,4.99,27.12,62.2,3.32,1415.8,159.0,8036.4
USGS_17465,Pennsylvania_Greene,5.8,15.89,29.42,48.89,3.54,1232.5,74.1,7082.2
USGS_17466,Wyoming_Campbell,11.77,20.03,19.07,49.13,3.21,1252.1,54.9,6261.6
USGS_17467,Illinois_Saline,3.4,6.87,41.29,48.44,1.54,1439.7,272.4,7937.4
USGS_17468,WestVirginia_Boone,9.89,8.8,35.19,46.12,1.33,1288.7,292.4,7199.5
USGS_17469,Wyoming_Campbell,5.01,22.53,25.76,46.7,2.27,1306.8,42.9,6647.4
USGS_17470,Wyoming_Campbell,9.17,4.42,25.65,60.76,2.85,1463.5,121.2,7753.9
USGS_17471,Illinois_Saline,5.91,19.81,28.77,45.51,3.78,1437.0,297.9,6749.7
USGS_17472,Illinois_Saline,7.57,13.95,33.03,45.45,0.85,1164.4,44.1,7024.8
USGS_17473,Pennsylvania_Greene,10.24,13.38,21.51,54.87,0.57,1279.8,206.7,6944.0
USGS_17474,Illinois_Saline,9.94,4.15,22.53,63.38,2.76,1469.1,301.9,7737.0
USGS_17475,Pennsylvania_Greene,10.6,21.21,38.63,29.56,3.23,1241.5,303.7,6044.8
USGS_17476,Wyoming_Campbell,2.13,11.56,24.15,62.16,3.28,1241.2,156.7,7876.2
USGS_17477,Kentucky_Pike,8.77,15.36,27.12,48.75,2.71,1174.1,67.2,6857.3
USGS_17478,WestVirginia_Boone,2.97,18.22,38.91,39.9,3.64,1143.4,78.6,7055.6
USGS_17479,Wyoming_Campbell,5.87,18.76,33.92,41.45,2.14,1381.3,278.0,6780.1
USGS_17480,Illinois_Saline,7.26,24.08,26.2,42.46,3.51,1392.6,284.4,6286.9
USGS_17481,WestVirginia_Boone,5.73,15.16,34.41,44.7,3.69,1468.2,196.3,7090.6
USGS_17482,Kentucky_Pike,6.96,12.39,18.47,62.18,3.28,1393.9,242.2,7391.6
USGS_17483,Kentucky_Pike,11.96,24.03,35.66,28.35,1.45,1192.5,234.6,5707.6
USGS_17484,Pennsylvania_Greene,2.92,17.48,29.69,49.91,1.07,1115.2,211.9,7233.4
USGS_17485,WestVirginia_Boone,8.59,10.26,37.52,43.63,2.26,1474.5,259.9,7178.9
USGS_17486,Pennsylvania_Greene,5.66,6.66,40.91,46.77,1.94,1229.4,218.8,7733.6
USGS_17487,Wyoming_Campbell,2.9,21.69,40.22,35.19,3.38,1218.5,174.9,6755.4
USGS_17488,WestVirginia_Boone,3.17,11.61,39.82,45.4,0.74,1444.3,88.7,7579.9
USGS_17489,Wyoming_Campbell,11.47,17.87,30.29,40.37,1.28,1322.3,235.7,6338.4
USGS_17490,Pennsylvania_Greene,10.74,13.89,26.64,48.73,2.96,1181.7,157.3,6789.6
USGS_17491,WestVirginia_Boone,11.02,8.18,29.16,51.64,0.72,1437.9,105.5,7211.0
USGS_17492,Pennsylvania_Greene,11.91,16.64,34.56,36.89,1.49,1477.5,252.6,6346.5
USGS_17493,WestVirginia_Boone,3.69,5.27,39.22,51.82,1.72,1132.9,222.0,8067.7
USGS_17494,Pennsylvania_Greene,5.23,12.68,22.97,59.12,2.52,1427.7,291.8,7486.2
USGS_17495,Kentucky_Pike,8.53,15.48,40.04,35.95,0.94,1248.4,68.0,6716.2
USGS_17496,Pennsylvania_Greene,6.58,13.16,37.56,42.7,3.33,1299.1,208.3,7135.8
USGS_17497,Kentucky_Pike,5.89,19.72,41.49,32.9,1.92,1447.6,90.8,6606.6
USGS_17498,Pennsylvania_Greene,5.26,21.39,39.13,34.22,3.52,1469.9,282.0,6557.7
USGS_17499,WestVirginia_Boone,7.73,20.2,24.72,47.35,1.99,1199.6,48.9,6583.6
